Id,Locality,House or appartment?,Subtype,Price,Type of sale,Number of rooms,Living area,Fully equipped kitchen,Furnished,Open fire,Terrace,Area of terrace,Garden,Area of garden,Land surface,Number of facades,Swimming pool,State of building
10168483,Tubize,APARTMENT,APARTMENT,250000.0,BUY_REGULAR,2.0,92.0,0,None,0,1,15,1,None,None,,None,
10309884,Namur,HOUSE,HOUSE,380000.0,BUY_REGULAR,3.0,103.0,0,None,0,1,20,1,None,882,4,None,
10307593,SUARLEE,HOUSE,EXCEPTIONAL_PROPERTY,700000.0,BUY_REGULAR,8.0,650.0,0,None,0,1,150,1,1595,1595,4,None,
10305252,Fosses-la-Ville,HOUSE,HOUSE,165000.0,BUY_REGULAR,3.0,162.0,0,None,0,1,27,None,None,0,3,None,TO_RENOVATE
10301332,SEILLES,HOUSE,HOUSE,275000.0,BUY_REGULAR,4.0,175.0,0,None,0,None,None,1,None,229,3,None,
10298202,WILLERZIE,HOUSE,CHALET,50000.0,BUY_REGULAR,1.0,25.0,0,None,0,None,None,None,None,2815,None,None,None
10295646,Erpent,APARTMENT,APARTMENT,290000.0,BUY_REGULAR,2.0,83.0,None,None,0,1,22,None,None,None,,None,
10293092,VIERVES-SUR-VIROIN,HOUSE,HOUSE,49000.0,BUY_REGULAR,2.0,88.0,0,None,0,None,None,None,None,140,4,None,TO_RENOVATE
10289977,Lesve,HOUSE,VILLA,475000.0,BUY_REGULAR,6.0,370.0,0,None,0,1,30,1,11690,11690,4,0,GOOD
10289933,Andenne,APARTMENT_GROUP,APARTMENT_GROUP,,BUY_REGULAR,,,None,None,0,None,None,None,None,None,None,None,None
10019584,TAMINES,HOUSE,HOUSE,140000.0,BUY_REGULAR,3.0,122.0,0,None,0,1,20,1,95,105,,None,TO_RENOVATE
10280374,Namur,APARTMENT,GROUND_FLOOR,190000.0,BUY_REGULAR,2.0,101.0,1,None,0,1,35,None,None,None,,None,AS_NEW
10135147,Waterloo,HOUSE,HOUSE,599000.0,BUY_REGULAR,4.0,240.0,0,None,0,1,60,1,850,0,3,0,AS_NEW
10309882,Jambes,HOUSE,HOUSE,380000.0,BUY_REGULAR,3.0,103.0,0,None,0,1,20,1,None,882,4,None,
10307591,SUARLEE,HOUSE,COUNTRY_COTTAGE,700000.0,BUY_REGULAR,8.0,650.0,0,None,0,1,150,1,1595,1595,4,None,
10305247,Namur Saint-Servais,HOUSE,HOUSE,145000.0,BUY_REGULAR,3.0,120.0,0,None,0,1,40,1,1000,1298,3,None,TO_RENOVATE
10274686,MOIGNELÉE,HOUSE,HOUSE,225000.0,BUY_REGULAR,2.0,140.0,0,None,0,1,10,1,70,190,2,None,GOOD
10298173,SAINT-SERVAIS,HOUSE,MIXED_USE_BUILDING,535000.0,BUY_REGULAR,2.0,350.0,None,None,0,1,120,None,None,550,3,None,GOOD
10295645,Jambes,HOUSE,HOUSE,650000.0,BUY_REGULAR,4.0,390.0,None,None,0,1,90,None,None,1609,4,None,
10293040,Florennes,HOUSE,HOUSE,55000.0,PUBLIC_SALE,4.0,,None,None,0,None,None,None,None,0,None,None,None
10287344,Gembloux,APARTMENT,APARTMENT,295000.0,BUY_REGULAR,3.0,95.0,0,None,0,None,None,1,43,None,3,None,
10289944,Heure,HOUSE,HOUSE,75000.0,PUBLIC_SALE,3.0,,None,None,0,None,None,None,None,514,4,None,
10283395,AUVELAIS,HOUSE,HOUSE,175000.0,BUY_REGULAR,3.0,104.0,None,None,0,None,None,None,None,345,3,None,
10065240,Ciney,HOUSE,HOUSE,260000.0,BUY_REGULAR,3.0,180.0,None,None,0,None,None,None,None,2022,4,None,
10082717,La Hulpe,HOUSE,HOUSE,599000.0,BUY_REGULAR,4.0,240.0,0,None,0,1,60,1,850,0,3,0,AS_NEW
10309850,Vedrin,HOUSE,HOUSE,270000.0,BUY_REGULAR,3.0,115.0,0,None,0,1,None,1,None,669,3,None,AS_NEW
10307590,SUARLEE,HOUSE,APARTMENT_BLOCK,700000.0,BUY_REGULAR,8.0,650.0,0,None,0,1,150,1,1595,1595,4,None,
10305242,DAUSSOIS,HOUSE,CASTLE,950000.0,BUY_REGULAR,10.0,,0,None,0,None,None,None,None,0,None,None,None
10305177,Couvin Brûlyde-Pesche,HOUSE,CHALET,399000.0,BUY_REGULAR,2.0,126.0,None,None,0,1,80,1,2000,2600,4,None,AS_NEW
10298172,Namur,HOUSE,APARTMENT_BLOCK,535000.0,BUY_REGULAR,2.0,350.0,None,None,0,1,120,None,None,362,3,None,GOOD
10295643,Anhée,APARTMENT,APARTMENT,355000.0,BUY_REGULAR,2.0,122.0,None,None,0,None,None,None,None,,,None,
10293028,Walcourt,HOUSE,HOUSE,210000.0,BUY_REGULAR,3.0,,0,None,0,1,23,1,20,300,4,0,AS_NEW
10287343,Gembloux,APARTMENT,APARTMENT,340000.0,BUY_REGULAR,3.0,91.0,0,None,0,1,48,1,43,None,,None,
10289912,Yvoir,HOUSE,COUNTRY_COTTAGE,59000.0,BUY_REGULAR,2.0,32.0,None,None,0,1,12,1,200,200,1,1,TO_BE_DONE_UP
10155902,Havelange,HOUSE,HOUSE,185000.0,BUY_REGULAR,3.0,,0,None,0,None,None,1,4301,4301,4,None,TO_RENOVATE
10280314,Andenne,APARTMENT,APARTMENT,300000.0,BUY_REGULAR,2.0,165.0,None,None,0,1,15,None,None,None,,None,
10168010,Nivelles,HOUSE,HOUSE,375000.0,BUY_REGULAR,4.0,150.0,0,None,1,1,40,1,500,684,2,None,
10309760,Namur,APARTMENT,APARTMENT,349000.0,BUY_REGULAR,2.0,139.0,0,None,0,1,8,None,None,,2,None,JUST_RENOVATED
10309687,Cerfontaine,HOUSE,HOUSE,85000.0,BUY_REGULAR,2.0,,None,None,0,None,None,None,None,650,3,None,TO_RENOVATE
10301273,Ciney,APARTMENT,DUPLEX,95000.0,BUY_REGULAR,1.0,,0,None,0,None,None,None,None,None,None,0,None
10305172,Eghezee,HOUSE,MIXED_USE_BUILDING,349500.0,BUY_REGULAR,3.0,135.0,0,None,0,1,22,None,None,332,2,None,TO_BE_DONE_UP
10298168,Ciney,HOUSE,HOUSE,199000.0,PUBLIC_SALE,3.0,136.0,0,None,0,1,None,1,None,1205,4,None,JUST_RENOVATED
10295640,Bouge,APARTMENT,APARTMENT,225000.0,BUY_REGULAR,1.0,38.0,0,None,0,1,9,1,None,None,,None,
10295634,Fosses-la-Ville,HOUSE,HOUSE,235000.0,BUY_REGULAR,3.0,127.0,0,None,0,1,34,1,None,215,3,None,
10287342,Gembloux,APARTMENT,APARTMENT,290000.0,BUY_REGULAR,3.0,89.0,0,None,0,1,2,1,43,None,,None,
10289911,Hastière,HOUSE,HOUSE,185000.0,BUY_REGULAR,2.0,,0,None,0,1,6,1,440,440,4,None,GOOD
10283378,Floreffe,HOUSE,APARTMENT_BLOCK,349000.0,BUY_REGULAR,2.0,380.0,0,None,0,None,None,None,None,196,2,None,GOOD
10280248,Jambes,APARTMENT,APARTMENT,249000.0,BUY_REGULAR,1.0,59.0,0,None,0,1,6,1,34,None,2,None,AS_NEW
10030909,Wavre,HOUSE,HOUSE,275000.0,BUY_REGULAR,3.0,100.0,0,None,0,None,None,None,None,0,2,0,AS_NEW
10307589,SUARLEE,HOUSE,HOUSE,700000.0,BUY_REGULAR,8.0,650.0,0,None,0,1,150,1,1595,1595,4,None,
10309650,SPY,HOUSE,VILLA,330000.0,BUY_REGULAR,3.0,160.0,None,None,0,None,None,None,None,0,None,None,None
10301217,Namur,HOUSE,VILLA,510000.0,BUY_REGULAR,4.0,254.0,0,None,0,None,None,1,850,1091,4,0,GOOD
10301216,Flawinne,HOUSE,HOUSE,130000.0,PUBLIC_SALE,3.0,,None,None,0,None,None,None,None,0,None,None,None
10298034,Rochefort,HOUSE,HOUSE,231500.0,BUY_REGULAR,3.0,118.0,None,None,0,None,None,1,None,800,4,None,
10293005,Belgrade,HOUSE,HOUSE,365000.0,BUY_REGULAR,4.0,244.0,0,None,0,1,None,None,None,0,2,None,
10292946,Florennes,HOUSE,MIXED_USE_BUILDING,70000.0,PUBLIC_SALE,0.0,,None,None,0,None,None,None,None,0,None,None,None
10287272,Beauraing Winenne,HOUSE,HOUSE,119000.0,BUY_REGULAR,4.0,143.0,0,None,0,1,None,None,None,360,2,None,TO_RENOVATE
10289896,Gedinne Louette-Saint-Denis,HOUSE,COUNTRY_COTTAGE,195000.0,BUY_REGULAR,3.0,160.0,0,None,0,None,None,1,1780,1780,4,0,TO_RENOVATE
10283252,Agimont,HOUSE_GROUP,HOUSE_GROUP,,BUY_REGULAR,,,None,None,0,None,None,None,None,None,None,None,None
10225708,Somme-Leuze,HOUSE,HOUSE,329000.0,BUY_REGULAR,3.0,,None,None,0,1,1,1,1,1221,4,0,AS_NEW
10167792,Wavre,HOUSE,APARTMENT_BLOCK,430000.0,BUY_REGULAR,0.0,304.0,0,None,0,None,None,None,None,135,2,0,TO_RENOVATE
10307520,Yvoir,HOUSE,COUNTRY_COTTAGE,105000.0,BUY_REGULAR,3.0,55.0,None,None,0,1,63,1,248,280,1,1,AS_NEW
10309649,SPY,HOUSE,HOUSE,330000.0,BUY_REGULAR,3.0,160.0,None,None,0,None,None,None,None,0,None,None,None
10305101,Floreffe,HOUSE,VILLA,595000.0,BUY_REGULAR,5.0,300.0,1,None,0,1,None,1,None,1365,4,None,JUST_RENOVATED
10301122,Dinant,HOUSE,MIXED_USE_BUILDING,395000.0,BUY_REGULAR,6.0,356.0,1,None,0,None,None,None,None,356,2,0,TO_BE_DONE_UP
10301096,Floreffe,HOUSE,HOUSE,100000.0,PUBLIC_SALE,3.0,,None,None,0,None,None,None,None,1685,4,None,TO_RENOVATE
10295625,Jambes,APARTMENT,APARTMENT,415000.0,BUY_REGULAR,3.0,115.0,1,None,0,1,20,1,None,,,0,
10292903,Fosses la Ville,HOUSE,APARTMENT_BLOCK,1050000.0,BUY_REGULAR,0.0,,None,None,0,None,None,None,None,0,4,0,GOOD
10286941,Namur,HOUSE,HOUSE,395000.0,BUY_REGULAR,8.0,155.0,0,None,0,1,164,None,None,160,2,0,GOOD
10289778,Haillot,HOUSE,HOUSE,399000.0,BUY_REGULAR,2.0,130.0,0,None,0,1,32,None,None,1980,4,None,JUST_RENOVATED
10280152,Namur,APARTMENT,GROUND_FLOOR,240000.0,BUY_REGULAR,2.0,90.0,0,None,0,1,20,1,30,None,2,0,GOOD
10283214,Gesves,HOUSE,VILLA,390000.0,BUY_REGULAR,3.0,160.0,0,None,0,1,50,1,550,800,4,0,AS_NEW
10167351,Lasne,HOUSE,EXCEPTIONAL_PROPERTY,1750000.0,BUY_REGULAR,7.0,550.0,0,None,0,1,100,1,4600,4600,4,0,GOOD
10307517,Hastière,APARTMENT,APARTMENT,149000.0,BUY_REGULAR,2.0,65.0,None,None,0,None,None,None,None,None,,None,AS_NEW
10309418,Namur,APARTMENT,PENTHOUSE,170000.0,BUY_REGULAR,1.0,70.0,0,None,0,1,70,None,None,None,4,0,
10304856,Andenne,HOUSE,HOUSE,296000.0,BUY_REGULAR,3.0,132.0,0,None,0,1,48,None,None,0,2,0,AS_NEW
10304718,Eghezée,HOUSE,HOUSE,650000.0,BUY_REGULAR,5.0,260.0,0,None,1,1,30,1,None,3383,4,None,GOOD
10289649,Gembloux,APARTMENT,APARTMENT,249000.0,BUY_REGULAR,1.0,60.0,1,None,0,1,18,1,30,None,,0,AS_NEW
10295624,Erpent,APARTMENT,APARTMENT,415000.0,BUY_REGULAR,3.0,115.0,None,None,0,1,20,1,None,,3,0,
10292886,Sambreville,APARTMENT,GROUND_FLOOR,259000.0,BUY_REGULAR,2.0,100.0,None,None,0,1,None,None,None,None,3,None,AS_NEW
10286940,Namur,HOUSE,APARTMENT_BLOCK,870000.0,BUY_REGULAR,6.0,155.0,0,None,0,None,None,None,None,42,2,0,GOOD
10289739,Fosses-la-Ville,HOUSE,HOUSE,158000.0,BUY_REGULAR,3.0,136.0,0,None,0,1,26,None,None,274,3,None,GOOD
10189266,Aische-en-Refail,HOUSE,HOUSE,475000.0,BUY_REGULAR,4.0,220.0,0,None,0,None,None,1,None,900,None,0,None
10283171,Walcourt,HOUSE,HOUSE,90000.0,BUY_REGULAR,2.0,150.0,0,None,0,None,None,None,None,686,3,None,TO_RENOVATE
10167237,Jodoigne,HOUSE,HOUSE,384075.0,BUY_REGULAR,3.0,150.0,None,None,0,None,None,1,None,941,4,None,
10307515,Dinant,HOUSE,TOWN_HOUSE,119000.0,BUY_REGULAR,2.0,88.0,None,None,0,1,16,1,260,260,1,None,TO_RENOVATE
10309395,Seilles,HOUSE,VILLA,430000.0,BUY_REGULAR,3.0,200.0,None,None,0,None,None,None,None,588,4,0,GOOD
10297960,Dinant,HOUSE,HOUSE,174000.0,BUY_REGULAR,2.0,,0,None,0,1,16,1,220,220,2,None,GOOD
10304580,Waret-la-Chaussée,APARTMENT,APARTMENT,265000.0,BUY_REGULAR,1.0,50.0,None,None,0,1,36,None,None,,,None,
10280851,Namur,APARTMENT,APARTMENT,227000.0,BUY_REGULAR,3.0,90.0,0,None,0,1,8,None,None,None,2,0,AS_NEW
10295622,Fosses-la-Ville,HOUSE,HOUSE,220000.0,BUY_REGULAR,3.0,120.0,1,None,0,None,None,None,None,500,2,0,
10292698,Mettet Saint-Gérard,HOUSE,HOUSE,360000.0,BUY_REGULAR,5.0,300.0,0,None,0,1,None,None,None,469,3,None,GOOD
10259085,Namur,APARTMENT,APARTMENT,169000.0,BUY_REGULAR,2.0,84.0,0,None,0,None,None,None,None,,4,0,TO_RENOVATE
10289738,Fosses-la-Ville,APARTMENT,APARTMENT,179000.0,BUY_REGULAR,2.0,110.0,0,None,0,None,None,None,None,None,3,None,JUST_RENOVATED
10279584,Florennes,HOUSE,HOUSE,225000.0,BUY_REGULAR,3.0,,0,None,0,1,20,1,850,900,3,0,AS_NEW
10282721,AUVELAIS,HOUSE,HOUSE,139999.0,BUY_REGULAR,3.0,127.0,0,None,0,1,30,1,100,220,2,0,TO_BE_DONE_UP
10167129,Jodoigne,HOUSE,HOUSE,199000.0,BUY_REGULAR,3.0,102.0,0,None,0,1,None,1,60,120,2,0,TO_BE_DONE_UP
10307297,Philippeville,HOUSE,HOUSE,425000.0,BUY_REGULAR,5.0,252.0,0,None,0,1,None,None,None,161,2,None,JUST_RENOVATED
10309394,Thon,HOUSE,HOUSE,359000.0,BUY_REGULAR,3.0,185.0,0,None,0,None,None,None,None,762,3,0,GOOD
10297861,Fosses-la-Ville,HOUSE,APARTMENT_BLOCK,159000.0,BUY_REGULAR,4.0,,0,None,0,1,None,None,None,123,2,None,TO_BE_DONE_UP
10304579,Waret-la-Chaussée,APARTMENT,APARTMENT,390000.0,BUY_REGULAR,2.0,95.0,None,None,0,1,30,None,None,,,None,
10300765,Hastière,HOUSE,HOUSE,115000.0,BUY_REGULAR,2.0,52.0,0,None,1,1,18,None,None,460000,2,0,GOOD
10295621,Eghezée,APARTMENT,APARTMENT,369000.0,BUY_REGULAR,3.0,125.0,None,None,0,1,9,None,None,None,,1,
10292657,SEVRY,HOUSE,HOUSE,590000.0,BUY_REGULAR,3.0,,0,None,0,1,None,None,None,9949,4,0,AS_NEW
10286047,Namur,APARTMENT,DUPLEX,275000.0,BUY_REGULAR,2.0,130.0,0,None,1,1,20,1,135,None,2,None,GOOD
10289722,Namur,HOUSE,VILLA,549000.0,BUY_REGULAR,3.0,200.0,0,None,1,None,None,None,None,6000,4,0,
10279447,Namur,HOUSE,HOUSE,500000.0,BUY_REGULAR,4.0,208.0,0,None,0,1,50,None,None,3754,4,None,
10265356,Profondeville,APARTMENT,DUPLEX,169000.0,BUY_REGULAR,1.0,104.0,0,None,0,1,3,None,None,None,2,0,AS_NEW
10166855,Waterloo,HOUSE,HOUSE,398000.0,BUY_REGULAR,3.0,,0,None,0,1,24,None,None,456,2,None,GOOD
10307274,Champion,HOUSE,VILLA,365000.0,BUY_REGULAR,6.0,410.0,0,None,0,1,None,None,None,1400,4,None,TO_BE_DONE_UP
10309392,Andenne,APARTMENT,DUPLEX,215000.0,BUY_REGULAR,2.0,90.0,0,None,0,None,None,None,None,None,2,0,GOOD
10297703,Alle-sur-Semois,HOUSE,HOUSE,495000.0,BUY_REGULAR,3.0,206.0,None,None,0,1,None,None,None,4486,4,None,GOOD
10304578,Waret-la-Chaussée,APARTMENT,APARTMENT,305000.0,BUY_REGULAR,3.0,98.0,None,None,0,1,13,None,None,,,None,
10300692,Ciney,HOUSE,HOUSE,249000.0,BUY_REGULAR,3.0,157.0,0,None,0,1,25,None,None,212,3,None,AS_NEW
10295518,Florennes,HOUSE,HOUSE,175000.0,BUY_REGULAR,6.0,206.0,0,None,0,1,21,None,None,0,2,None,
10292461,Flawinne,HOUSE,HOUSE,240000.0,BUY_REGULAR,3.0,102.0,0,None,0,1,32,1,300,300,,0,TO_RENOVATE
10285875,Bouge,APARTMENT,APARTMENT,205000.0,BUY_REGULAR,2.0,77.0,0,None,0,1,4,None,None,None,2,None,AS_NEW
10289584,Ciney,HOUSE,HOUSE,280000.0,BUY_REGULAR,4.0,,0,None,0,1,30,1,631,631,4,None,TO_BE_DONE_UP
10279442,SAINT-SERVAIS,HOUSE,HOUSE,500000.0,BUY_REGULAR,4.0,208.0,0,None,0,1,50,None,None,3754,4,None,
10282016,Gourdinne,HOUSE,HOUSE,185000.0,BUY_REGULAR,3.0,,0,None,0,None,None,None,None,0,None,None,None
10166668,Wavre,HOUSE,APARTMENT_BLOCK,705000.0,BUY_REGULAR,4.0,212.0,0,None,0,1,8,None,None,0,2,0,AS_NEW
10307167,Wierde,HOUSE,EXCEPTIONAL_PROPERTY,9999.0,BUY_REGULAR,3.0,186.0,None,None,0,None,None,None,None,35315,4,None,GOOD
10309391,Andenne,HOUSE,HOUSE,169000.0,BUY_REGULAR,3.0,110.0,0,None,0,None,None,None,None,90,2,0,GOOD
10297655,Namur,HOUSE,MIXED_USE_BUILDING,429000.0,BUY_REGULAR,4.0,390.0,0,None,0,1,100,None,None,310,2,0,TO_RENOVATE
10297222,Jemeppe-sur-Sambre,APARTMENT,APARTMENT,250000.0,BUY_REGULAR,2.0,174.0,0,None,1,None,None,None,None,None,2,None,
10300652,Namur,APARTMENT,APARTMENT,230000.0,BUY_REGULAR,2.0,96.0,0,None,0,None,None,None,None,None,2,0,GOOD
10295481,LESVE,HOUSE,VILLA,,LIFE_ANNUITY,2.0,150.0,0,None,0,1,None,None,None,1675,4,None,GOOD
10291230,HERMETON-SUR-MEUSE,HOUSE,HOUSE,170000.0,BUY_REGULAR,4.0,,0,None,0,1,None,None,None,817,3,None,TO_RENOVATE
10224453,Namur,APARTMENT,APARTMENT,112500.0,BUY_REGULAR,1.0,,None,None,0,None,None,None,None,None,None,0,None
10289525,Wépion,HOUSE,HOUSE,399000.0,BUY_REGULAR,4.0,130.0,0,None,0,None,None,1,None,1177,4,None,
10279361,Sombreffe,HOUSE,HOUSE,475000.0,BUY_REGULAR,3.0,272.0,0,None,0,None,None,None,None,6484,4,None,TO_RENOVATE
10088841,Floreffe,HOUSE,HOUSE,349000.0,BUY_REGULAR,4.0,215.0,0,None,0,None,None,None,None,1031,3,0,
10166159,Wavre,HOUSE,HOUSE,580000.0,BUY_REGULAR,5.0,243.0,1,None,0,1,37,1,None,1246,4,None,AS_NEW
10307156,Belgrade,HOUSE,VILLA,285000.0,BUY_REGULAR,3.0,130.0,0,None,0,1,12,1,900,1104,4,None,TO_BE_DONE_UP
10309386,Vezin,HOUSE,HOUSE,350000.0,BUY_REGULAR,3.0,130.0,1,None,0,None,None,None,None,3541,4,0,GOOD
10304577,Waret-la-Chaussée,APARTMENT,APARTMENT,305000.0,BUY_REGULAR,2.0,,None,None,0,1,35,None,None,,,None,
10304576,Waret-la-Chaussée,APARTMENT,APARTMENT,295000.0,BUY_REGULAR,2.0,82.0,None,None,0,1,13,None,None,,,None,
10300640,Dinant,HOUSE,CHALET,75000.0,BUY_REGULAR,2.0,46.0,0,None,0,1,22,None,None,900,4,None,TO_BE_DONE_UP
10295478,Tamines,HOUSE,HOUSE,125000.0,BUY_REGULAR,2.0,133.0,0,None,0,1,None,None,None,2061,4,None,TO_BE_DONE_UP
10291229,Havelange,HOUSE,HOUSE,385000.0,BUY_REGULAR,6.0,225.0,0,None,1,1,50,1,1000,1069,4,None,
10240150,Membre,HOUSE,MIXED_USE_BUILDING,280000.0,BUY_REGULAR,3.0,,0,None,0,1,None,None,None,2537,3,None,AS_NEW
10285361,Rochefort,HOUSE,HOUSE,250000.0,BUY_REGULAR,4.0,200.0,0,None,0,1,None,None,None,805,4,None,TO_BE_DONE_UP
10279284,FALISOLLE,HOUSE,HOUSE,199000.0,BUY_REGULAR,6.0,200.0,0,None,0,1,25,1,575,741,2,None,JUST_RENOVATED
10281532,Jambes,HOUSE,HOUSE,239000.0,BUY_REGULAR,2.0,252.0,0,None,0,1,22,1,140,213,2,None,TO_BE_DONE_UP
10166070,CLABECQ,HOUSE,HOUSE,295000.0,BUY_REGULAR,3.0,142.0,0,None,0,1,29,1,157,275,2,None,JUST_RENOVATED
10307143,Membre,HOUSE,EXCEPTIONAL_PROPERTY,280000.0,BUY_REGULAR,3.0,,None,None,0,1,70,None,None,2537,3,None,AS_NEW
10309281,TONGRINNE,HOUSE,HOUSE,335000.0,BUY_REGULAR,3.0,140.0,0,None,0,1,50,1,None,529,2,None,JUST_RENOVATED
10297209,Ciney,APARTMENT,APARTMENT,125000.0,BUY_REGULAR,1.0,60.0,0,None,0,None,None,None,None,None,3,None,
10297174,FALISOLLE,HOUSE,HOUSE,335000.0,BUY_REGULAR,3.0,190.0,None,None,0,1,None,None,None,794,4,None,
10300482,AISCHE-EN-REFAIL,APARTMENT,APARTMENT,175000.0,BUY_REGULAR,2.0,70.0,0,None,0,1,4,None,None,None,,None,GOOD
10295198,Wanlin,HOUSE,HOUSE,375000.0,BUY_REGULAR,5.0,330.0,0,None,0,1,None,None,None,1817,4,None,JUST_RENOVATED
10291228,Onhaye,HOUSE,HOUSE,75000.0,BUY_REGULAR,2.0,40.0,None,None,0,1,22,1,483,483,4,None,
10289288,Godinne,HOUSE,HOUSE,309000.0,BUY_REGULAR,4.0,200.0,0,None,0,None,None,1,2266,2266,4,0,TO_RENOVATE
10285360,EPRAVE,HOUSE,HOUSE,350000.0,BUY_REGULAR,4.0,150.0,0,None,0,None,None,None,None,4000,4,None,TO_RENOVATE
10285299,Courriere,HOUSE,HOUSE,280000.0,BUY_REGULAR,4.0,180.0,0,None,1,1,20,None,None,1118,4,None,
10281444,Yvoir,HOUSE,HOUSE,590000.0,BUY_REGULAR,3.0,229.0,0,None,0,None,None,1,3253,3721,4,None,AS_NEW
10311821,St-Servais,HOUSE,HOUSE,215000.0,BUY_REGULAR,4.0,157.0,0,None,0,1,15,None,None,278,2,None,TO_BE_DONE_UP
10307108,Heure,HOUSE,COUNTRY_COTTAGE,125000.0,BUY_REGULAR,2.0,53.0,0,None,0,None,None,None,None,66,1,None,GOOD
10309209,Saint-Servais,APARTMENT,APARTMENT,277000.0,BUY_REGULAR,2.0,78.0,None,None,0,1,16,1,74,,,None,AS_NEW
10300153,Namur,APARTMENT,APARTMENT,237000.0,BUY_REGULAR,2.0,100.0,None,None,0,None,None,None,None,None,None,None,None
10297173,AUVELAIS,APARTMENT,APARTMENT,205000.0,BUY_REGULAR,2.0,76.0,None,None,0,1,None,None,None,None,None,None,None
10300389,Gesves,HOUSE,COUNTRY_COTTAGE,290000.0,BUY_REGULAR,3.0,,None,None,0,None,None,1,1900,2000,3,0,TO_RENOVATE
10295161,Vedrin,HOUSE,HOUSE,159900.0,BUY_REGULAR,3.0,77.0,None,None,0,None,None,None,None,125,3,None,
10118833,AUVELAIS,HOUSE,MIXED_USE_BUILDING,179000.0,BUY_REGULAR,2.0,255.0,0,None,0,None,None,None,None,210,2,None,TO_RENOVATE
10118831,AUVELAIS,HOUSE,HOUSE,179000.0,BUY_REGULAR,2.0,255.0,0,None,0,None,None,None,None,210,2,None,TO_RENOVATE
10244290,Sombreffe Ligny,HOUSE,HOUSE,249000.0,BUY_REGULAR,4.0,150.0,0,None,0,1,25,1,915,0,2,0,GOOD
10285124,Gembloux,HOUSE,HOUSE,279000.0,BUY_REGULAR,4.0,212.0,0,None,0,None,None,1,1326,1326,,0,TO_BE_DONE_UP
10281424,Bois-De-Villers,HOUSE,VILLA,720000.0,BUY_REGULAR,7.0,600.0,1,None,0,1,70,1,1203,1203,4,0,AS_NEW
10311680,NOISEUX,HOUSE,HOUSE,246500.0,BUY_REGULAR,3.0,143.0,0,None,0,1,20,1,None,311,4,None,
10307057,Bohan,HOUSE,EXCEPTIONAL_PROPERTY,225000.0,BUY_REGULAR,6.0,,None,None,1,None,None,None,None,408,4,None,
10309208,Saint-Servais,APARTMENT,APARTMENT,241000.0,BUY_REGULAR,2.0,79.0,None,None,0,1,10,None,None,,,None,AS_NEW
10304069,Sambreville,APARTMENT,APARTMENT,199000.0,BUY_REGULAR,2.0,86.0,0,None,0,1,16,None,None,,3,0,AS_NEW
10297169,JEMELLE,HOUSE,APARTMENT_BLOCK,125000.0,BUY_REGULAR,12.0,460.0,0,None,0,1,4,1,645,753,3,None,
10297166,CHEVETOGNE,HOUSE,HOUSE,325000.0,BUY_REGULAR,4.0,382.0,0,None,1,1,None,1,1250,1250,4,None,
10290996,Thy-le-chÃteau,HOUSE,HOUSE,189000.0,BUY_REGULAR,3.0,119.0,0,None,0,None,None,1,107,182,3,None,GOOD
10288635,Sambreville,HOUSE,HOUSE,285000.0,BUY_REGULAR,3.0,120.0,0,None,0,1,10,1,330,620,4,None,GOOD
10288627,Dinant,HOUSE,HOUSE,190000.0,BUY_REGULAR,4.0,118.0,0,None,0,1,14,1,25,117,2,0,TO_RENOVATE
10278966,BAMBOIS,HOUSE,HOUSE,225000.0,BUY_REGULAR,2.0,120.0,0,None,0,None,None,None,None,972,4,None,GOOD
10285063,Florennes,HOUSE,HOUSE,325000.0,BUY_REGULAR,7.0,350.0,None,None,0,None,None,None,None,1810,4,None,TO_RENOVATE
10281417,Jemeppe-sur-Sambre,HOUSE,VILLA,190000.0,BUY_REGULAR,4.0,202.0,None,None,0,None,None,None,None,608,4,None,TO_BE_DONE_UP
10311669,Mettet,APARTMENT,APARTMENT,242000.0,BUY_REGULAR,2.0,103.0,0,None,0,1,72,None,None,None,2,None,
10307046,Gembloux,HOUSE,HOUSE,150000.0,PUBLIC_SALE,4.0,,None,None,0,None,None,None,None,360,2,None,
10309207,Saint-Servais,APARTMENT,APARTMENT,319000.0,BUY_REGULAR,3.0,105.0,None,None,0,1,18,None,None,,,None,AS_NEW
10309206,Saint-Servais,APARTMENT,APARTMENT,306000.0,BUY_REGULAR,3.0,105.0,None,None,0,1,18,None,None,,,None,AS_NEW
10300376,Hamois,HOUSE,VILLA,361000.0,BUY_REGULAR,3.0,150.0,0,None,0,1,16,1,1000,1200,4,0,AS_NEW
10297143,Falmignoul,APARTMENT,APARTMENT,249000.0,BUY_REGULAR,2.0,166.0,0,None,0,None,None,None,None,,2,1,
10197762,Jemeppe-sur-Sambre,HOUSE,HOUSE,140000.0,BUY_REGULAR,3.0,104.0,0,None,0,None,None,None,None,275,2,None,
10295155,Walcourt,HOUSE,HOUSE,139000.0,BUY_REGULAR,2.0,116.0,0,None,0,None,None,None,None,149,2,None,GOOD
10288592,Blaimont,HOUSE,HOUSE,58000.0,BUY_REGULAR,2.0,42.0,0,None,0,1,16,1,555,555,4,1,AS_NEW
10278719,Bierwart,HOUSE,HOUSE,285000.0,BUY_REGULAR,3.0,,0,None,0,None,None,1,None,694,3,None,AS_NEW
10284880,Namur,HOUSE,APARTMENT_BLOCK,639000.0,BUY_REGULAR,0.0,296.0,None,None,0,None,None,1,135,240,2,None,GOOD
10281415,Neuville,HOUSE,HOUSE,100000.0,BUY_REGULAR,2.0,,None,None,0,None,None,None,None,241,3,None,GOOD
10311554,Jambes,APARTMENT,APARTMENT,595000.0,BUY_REGULAR,2.0,,0,None,0,None,None,None,None,None,,None,AS_NEW
10307045,Gedinne,HOUSE,CHALET,179000.0,BUY_REGULAR,2.0,,0,None,0,1,12,None,None,716,4,None,GOOD
10304026,Andenne,HOUSE,HOUSE,110000.0,BUY_REGULAR,1.0,83.0,None,None,0,None,None,None,None,170,3,None,TO_RESTORE
10309205,Saint-Servais,APARTMENT,APARTMENT,192000.0,BUY_REGULAR,1.0,65.0,None,None,0,1,13,1,26,,,None,AS_NEW
10300374,Namur,APARTMENT,APARTMENT,175000.0,BUY_REGULAR,1.0,60.0,0,None,0,None,None,None,None,None,2,0,
10297125,Viroinval Mazée,HOUSE,HOUSE,249000.0,BUY_REGULAR,5.0,262.0,0,None,0,1,17,None,None,187,3,0,GOOD
10165745,AUVELAIS,HOUSE,HOUSE,140000.0,BUY_REGULAR,3.0,104.0,0,None,0,None,None,None,None,275,2,None,
10295063,Jambes,HOUSE,HOUSE,165000.0,BUY_REGULAR,1.0,120.0,None,None,0,None,None,1,179,0,,None,TO_RENOVATE
10181053,Grand-Leez,HOUSE,HOUSE,310000.0,BUY_REGULAR,5.0,,0,None,0,None,None,1,646,646,,0,TO_RENOVATE
10278639,Boignée,HOUSE,HOUSE,325000.0,BUY_REGULAR,3.0,200.0,0,None,1,1,None,1,None,0,3,None,GOOD
10284878,Profondeville Rivière,HOUSE,HOUSE,230000.0,BUY_REGULAR,2.0,79.0,0,None,0,1,15,None,None,330,4,None,AS_NEW
10281413,Auvelais,HOUSE,HOUSE,160000.0,BUY_REGULAR,4.0,,None,None,0,None,None,None,None,220,3,None,
10311553,ARSIMONT,HOUSE,HOUSE,489000.0,BUY_REGULAR,4.0,293.0,0,None,0,None,None,None,None,1236,3,1,
10307021,Florennes,HOUSE,HOUSE,100000.0,BUY_REGULAR,3.0,,0,None,0,None,None,None,None,112,2,None,GOOD
10303789,Aische-en-Refail,HOUSE,EXCEPTIONAL_PROPERTY,285000.0,BUY_REGULAR,1.0,81.0,0,None,0,1,None,1,None,339,4,None,
10309146,Namur,APARTMENT_GROUP,APARTMENT_GROUP,,BUY_REGULAR,,,None,None,0,None,None,None,None,None,None,None,None
10233870,TAMINES,HOUSE,VILLA,299900.0,BUY_REGULAR,4.0,126.0,None,None,0,1,None,None,None,380,4,None,
10138862,Hastière,HOUSE,HOUSE,159000.0,BUY_REGULAR,2.0,70.0,None,None,0,None,None,None,None,0,3,0,
10290901,Namur Saint-Servais,HOUSE,APARTMENT_BLOCK,280000.0,BUY_REGULAR,6.0,240.0,0,None,0,1,10,None,None,80,2,0,GOOD
10295062,Jambes,APARTMENT,APARTMENT,320000.0,BUY_REGULAR,2.0,104.0,0,None,0,1,10,None,None,None,2,None,GOOD
10288358,Couvin,HOUSE,HOUSE,348327.0,BUY_REGULAR,3.0,,None,None,0,None,None,None,None,4300,None,0,None
10278637,Flostoy,HOUSE,HOUSE,175000.0,BUY_REGULAR,3.0,166.0,0,None,0,None,None,None,None,647,4,None,
10278475,SUARLÉE,HOUSE,APARTMENT_BLOCK,349000.0,BUY_REGULAR,5.0,220.0,0,None,0,None,None,None,None,0,4,None,TO_BE_DONE_UP
10281408,Dave,HOUSE,HOUSE,415000.0,BUY_REGULAR,4.0,300.0,0,None,0,1,None,None,None,206,,None,GOOD
10311544,Focant,HOUSE,HOUSE,160000.0,BUY_REGULAR,3.0,,None,None,0,None,None,None,None,1364,4,None,
10307002,Petit-Fays,HOUSE,HOUSE,385000.0,BUY_REGULAR,3.0,,0,None,0,1,None,None,None,606,4,None,AS_NEW
10303671,MOUSTIER,HOUSE,HOUSE,220000.0,BUY_REGULAR,3.0,163.0,None,None,0,None,None,None,None,575,2,None,
10303634,JAMBES,APARTMENT,APARTMENT,225000.0,BUY_REGULAR,2.0,75.0,0,None,0,1,5,None,None,None,2,0,GOOD
10233868,TAMINES,HOUSE,HOUSE,299900.0,BUY_REGULAR,4.0,126.0,None,None,0,1,None,None,None,380,4,None,
10297047,Celles,APARTMENT,APARTMENT,155000.0,BUY_REGULAR,1.0,63.0,0,None,0,None,None,None,None,None,,None,AS_NEW
9757689,Hastière,HOUSE,BUNGALOW,22000.0,BUY_REGULAR,1.0,28.0,None,None,0,None,None,None,None,210,None,0,None
10204519,Sambreville,HOUSE,HOUSE,339000.0,BUY_REGULAR,4.0,,0,None,0,1,1,1,1,377,4,0,GOOD
10288105,NAMÊCHE,HOUSE,HOUSE,192500.0,BUY_REGULAR,2.0,110.0,0,None,0,None,None,None,None,0,3,None,GOOD
10241685,Sambreville Tamines,HOUSE,HOUSE,250000.0,BUY_REGULAR,4.0,165.0,0,None,0,1,35,1,150,310,4,None,GOOD
10278415,Rochefort,HOUSE,HOUSE,290000.0,BUY_REGULAR,3.0,,None,None,0,None,None,1,17,17,4,0,AS_NEW
10281348,Florennes,HOUSE,HOUSE,233000.0,BUY_REGULAR,2.0,99.0,0,None,0,1,36,None,None,348,2,None,
10311482,Floreffe Franière,HOUSE,VILLA,389000.0,BUY_REGULAR,4.0,160.0,0,None,0,None,None,None,None,2573,4,None,AS_NEW
10090672,Belgrade,HOUSE,VILLA,320000.0,BUY_REGULAR,3.0,148.0,0,None,0,1,None,None,None,600,4,None,AS_NEW
10309054,Andenne,APARTMENT,APARTMENT,129500.0,BUY_REGULAR,2.0,55.0,0,None,0,None,None,None,None,,3,0,GOOD
10303591,Viroinval,HOUSE,CHALET,169000.0,BUY_REGULAR,3.0,60.0,0,None,0,None,None,None,None,6200,4,0,GOOD
10300260,Stave,HOUSE,HOUSE,115000.0,BUY_REGULAR,4.0,175.0,0,None,0,None,None,None,None,1018,3,None,TO_RENOVATE
10296966,Neuville,HOUSE,VILLA,475000.0,BUY_REGULAR,6.0,320.0,None,None,0,1,None,1,None,5220,4,None,
10290810,Walcourt,HOUSE,VILLA,375000.0,BUY_REGULAR,4.0,159.0,0,None,0,1,30,1,1,1089,4,None,
10295055,Namur,HOUSE,VILLA,325000.0,BUY_REGULAR,2.0,125.0,0,None,0,1,33,1,350,530,4,0,TO_BE_DONE_UP
10288096,VELAINE,APARTMENT_GROUP,APARTMENT_GROUP,,BUY_REGULAR,,,None,None,0,None,None,None,None,None,None,None,None
10284271,SENZEILLE,HOUSE,HOUSE,179000.0,BUY_REGULAR,3.0,190.0,0,None,0,None,None,None,None,611,3,None,GOOD
10278246,Surice,HOUSE,HOUSE,185000.0,BUY_REGULAR,3.0,106.0,0,None,0,1,None,None,None,52,2,None,GOOD
10281347,Florennes,HOUSE,HOUSE,355000.0,BUY_REGULAR,3.0,166.0,0,None,0,1,77,None,None,852,3,None,
10311402,Cerfontaine,HOUSE,APARTMENT_BLOCK,230000.0,BUY_REGULAR,0.0,,None,None,0,1,None,None,None,578,2,None,
10306888,Andenne,HOUSE,HOUSE,175000.0,BUY_REGULAR,3.0,109.0,0,None,0,1,None,None,None,686,3,None,TO_RENOVATE
10171745,Dinant,APARTMENT,APARTMENT,275000.0,BUY_REGULAR,2.0,101.0,0,None,0,1,None,None,None,None,2,None,AS_NEW
10303533,Namur,HOUSE,HOUSE,275000.0,BUY_REGULAR,4.0,196.0,0,None,0,1,20,1,900,940,3,0,TO_RENOVATE
10300121,Treignes,HOUSE,HOUSE,225000.0,BUY_REGULAR,3.0,,0,None,0,None,None,None,None,219,3,None,GOOD
10296829,Jambes,APARTMENT,APARTMENT,250000.0,BUY_REGULAR,2.0,105.0,0,None,0,1,None,None,None,None,2,None,
10290807,Chastres,HOUSE,HOUSE,300000.0,BUY_REGULAR,3.0,250.0,0,None,0,None,None,1,1,321,2,None,
10295030,Hastière-Lavaux,HOUSE,OTHER_PROPERTY,4000.0,PUBLIC_SALE,1.0,,None,None,0,None,None,None,None,261,None,None,None
10288095,ARSIMONT,HOUSE,VILLA,395000.0,BUY_REGULAR,2.0,125.0,None,None,0,1,None,None,None,1294,4,None,
10284206,GODINNE,APARTMENT,APARTMENT,136000.0,BUY_REGULAR,1.0,43.0,0,None,0,None,None,None,None,None,4,None,JUST_RENOVATED
10278197,Vedrin,HOUSE,VILLA,259000.0,BUY_REGULAR,3.0,160.0,0,None,0,None,None,1,731,731,4,0,GOOD
10278013,Ham-sur-Sambre,HOUSE,HOUSE,235000.0,BUY_REGULAR,4.0,,0,None,0,None,None,None,None,520,3,None,
10129080,Philippeville,HOUSE,HOUSE,249500.0,BUY_REGULAR,3.0,220.0,0,None,0,1,45,1,125,427,3,0,AS_NEW
10306866,Namur,HOUSE,TOWN_HOUSE,190000.0,BUY_REGULAR,2.0,100.0,0,None,0,None,None,None,None,51,2,None,JUST_RENOVATED
10308957,Dinant,HOUSE,HOUSE,185000.0,BUY_REGULAR,2.0,120.0,0,None,0,None,None,None,None,0,2,0,TO_RENOVATE
10308943,Florennes,HOUSE,BUNGALOW,299000.0,BUY_REGULAR,3.0,135.0,0,None,0,None,None,None,None,1000,4,None,JUST_RENOVATED
10223190,Mettet,HOUSE,VILLA,299900.0,BUY_REGULAR,3.0,200.0,0,None,0,1,40,None,None,2200,4,None,GOOD
10296826,Dinant,HOUSE,HOUSE,175000.0,BUY_REGULAR,3.0,124.0,0,None,0,1,9,None,None,0,2,None,
10290798,Cerfontaine,HOUSE,HOUSE,105000.0,BUY_REGULAR,4.0,,None,None,0,None,None,None,None,171,3,None,TO_BE_DONE_UP
10294978,TAMINES,APARTMENT,APARTMENT,239000.0,BUY_REGULAR,2.0,,None,None,0,None,None,None,None,None,3,None,AS_NEW
10288094,AISEMONT,HOUSE,VILLA,395000.0,BUY_REGULAR,2.0,125.0,None,None,0,1,None,None,None,1294,4,None,
10284168,FALISOLLE,HOUSE,HOUSE,190000.0,BUY_REGULAR,2.0,147.0,0,None,0,None,None,None,None,430,3,None,TO_RENOVATE
10281346,Florennes,HOUSE,HOUSE,249000.0,BUY_REGULAR,2.0,106.0,0,None,0,1,38,None,None,485,2,None,
10278011,Aisemont,HOUSE,HOUSE,270000.0,BUY_REGULAR,4.0,,None,None,0,None,None,None,None,1328,None,None,None
10044376,Havelange,HOUSE,HOUSE,149000.0,BUY_REGULAR,4.0,225.0,0,None,0,1,40,1,500,650,2,0,TO_RENOVATE
10277506,Ciney,APARTMENT,APARTMENT,230000.0,BUY_REGULAR,3.0,98.0,0,None,0,None,None,None,None,None,,0,TO_BE_DONE_UP
10277503,Longchamps,HOUSE,HOUSE,250000.0,BUY_REGULAR,3.0,171.0,0,None,1,1,35,1,None,816,4,None,TO_BE_DONE_UP
10300084,Sambreville,HOUSE,VILLA,285000.0,BUY_REGULAR,3.0,,None,None,0,1,1,1,1,0,4,0,GOOD
10299994,Saint-Servais,HOUSE,MIXED_USE_BUILDING,395000.0,BUY_REGULAR,6.0,286.0,0,None,0,1,50,None,None,251,3,0,GOOD
10296777,Haillot,HOUSE,VILLA,275000.0,BUY_REGULAR,3.0,140.0,0,None,1,1,None,1,None,1307,4,None,GOOD
10296776,Ohey,HOUSE,HOUSE,260000.0,BUY_REGULAR,3.0,240.0,0,None,0,1,None,1,None,708,3,None,GOOD
10296589,Fosses-la-Ville,HOUSE,HOUSE,50000.0,BUY_REGULAR,1.0,,None,None,0,None,None,None,None,555,None,None,None
10296572,Jemelle,HOUSE,HOUSE,330000.0,BUY_REGULAR,4.0,177.0,0,None,0,1,None,1,457,545,4,None,GOOD
10227626,Gedinne Rienne,HOUSE,HOUSE,39000.0,BUY_REGULAR,2.0,69.0,0,None,0,1,10,None,None,63,2,None,AS_NEW
10281154,Romedenne,HOUSE,VILLA,248000.0,BUY_REGULAR,2.0,168.0,0,None,1,1,40,1,800,1192,4,None,
10281093,Wépion,HOUSE,HOUSE,399000.0,BUY_REGULAR,6.0,291.0,1,None,1,1,30,1,None,844,4,None,
10281059,Havelange,HOUSE,HOUSE,249000.0,BUY_REGULAR,5.0,168.0,0,None,0,None,None,None,None,320,3,0,GOOD
10293279,Hamois,HOUSE,HOUSE,320000.0,BUY_REGULAR,3.0,250.0,None,None,0,None,None,1,1700,1700,4,None,TO_BE_DONE_UP
10277367,Sambreville,HOUSE,HOUSE,199000.0,BUY_REGULAR,2.0,110.0,0,None,0,1,30,1,800,1015,3,0,GOOD
10276893,Namur,APARTMENT,APARTMENT,250000.0,BUY_REGULAR,1.0,72.0,0,None,0,1,50,None,None,None,4,None,
10226281,Mesnil-Eglise,HOUSE,COUNTRY_COTTAGE,390000.0,BUY_REGULAR,5.0,368.0,1,None,1,1,None,1,None,570,3,None,GOOD
10290730,Florennes,HOUSE,HOUSE,50000.0,PUBLIC_SALE,2.0,,None,None,0,None,None,None,None,57,2,None,TO_BE_DONE_UP
10294975,TAMINES,APARTMENT,GROUND_FLOOR,259000.0,BUY_REGULAR,2.0,100.0,None,None,0,1,20,None,None,None,3,None,AS_NEW
10294939,Braibant,HOUSE,HOUSE,295000.0,BUY_REGULAR,3.0,134.0,0,None,0,1,None,1,1894,1969,4,0,TO_BE_DONE_UP
10249152,Dinant Anseremme,HOUSE,HOUSE,245000.0,BUY_REGULAR,4.0,178.0,0,None,0,1,30,1,200,330,3,0,GOOD
10227625,Gedinne Rienne,HOUSE,MIXED_USE_BUILDING,39000.0,BUY_REGULAR,0.0,63.0,None,None,0,None,None,None,None,63,2,0,TO_RENOVATE
10256623,Fosses-la-Ville,APARTMENT,APARTMENT,175000.0,BUY_REGULAR,2.0,110.0,0,None,0,None,None,None,None,None,3,None,GOOD
10306864,Namur,HOUSE,MIXED_USE_BUILDING,390000.0,BUY_REGULAR,0.0,132.0,None,None,0,1,None,1,100,0,2,None,GOOD
10281057,Havelange,HOUSE,COUNTRY_COTTAGE,249000.0,BUY_REGULAR,5.0,168.0,0,None,0,None,None,None,None,320,3,0,GOOD
10303453,WAULSORT,HOUSE,HOUSE,250000.0,BUY_REGULAR,3.0,145.0,0,None,1,1,None,1,None,0,,None,GOOD
10308900,Ohey,HOUSE,HOUSE,295000.0,BUY_REGULAR,4.0,150.0,0,None,0,1,None,1,800,820,4,1,GOOD
10308845,Sombreffe,HOUSE,HOUSE,125000.0,BUY_REGULAR,2.0,105.0,0,None,0,None,None,1,None,729,None,0,None
10299765,Philippeville,APARTMENT,APARTMENT,250000.0,BUY_REGULAR,2.0,700.0,None,None,0,1,1,None,None,None,4,0,TO_RENOVATE
10290727,Bovesse,HOUSE,HOUSE,140000.0,PUBLIC_SALE,4.0,,None,None,0,None,None,None,None,1832,4,None,
10290719,Bohan,HOUSE,HOUSE,260000.0,BUY_REGULAR,2.0,,0,None,0,1,None,None,None,707,2,None,AS_NEW
10284098,Andenne,HOUSE,HOUSE,279000.0,BUY_REGULAR,3.0,125.0,0,None,0,1,None,1,None,210,2,None,AS_NEW
10294788,Fosses-la-Ville,HOUSE,HOUSE,87500.0,BUY_REGULAR,5.0,,None,None,0,None,None,None,None,0,2,None,TO_RENOVATE
10261568,Arsimont,HOUSE,HOUSE,345000.0,BUY_REGULAR,3.0,205.0,0,None,0,None,None,1,None,700,None,0,None
10255506,Fosses-la-Ville,APARTMENT,APARTMENT,175000.0,BUY_REGULAR,2.0,100.0,0,None,0,None,None,None,None,None,3,0,GOOD
10306110,Auvelais,HOUSE,HOUSE,259000.0,BUY_REGULAR,3.0,104.0,0,None,0,None,None,None,None,982,4,0,
10281050,Havelange,HOUSE,HOUSE,249000.0,BUY_REGULAR,5.0,168.0,0,None,0,None,None,None,None,512,3,0,GOOD
10303451,Flawinne,HOUSE,HOUSE,349000.0,BUY_REGULAR,2.0,210.0,0,None,1,1,10,None,None,0,4,0,GOOD
10128283,RIENNE,HOUSE,HOUSE,320000.0,BUY_REGULAR,3.0,,0,None,0,1,None,None,None,7410,4,0,
10276678,Saint-Germain,HOUSE,HOUSE,280000.0,BUY_REGULAR,3.0,110.0,0,None,0,None,None,1,None,630,,0,TO_RENOVATE
10299754,Maillen,HOUSE,HOUSE,320000.0,BUY_REGULAR,4.0,135.0,0,None,0,1,None,None,None,427,2,None,GOOD
10288093,ARSIMONT,HOUSE,HOUSE,395000.0,BUY_REGULAR,2.0,125.0,None,None,0,1,None,None,None,1294,4,None,
10290665,Ciney,HOUSE,HOUSE,179000.0,BUY_REGULAR,2.0,70.0,0,None,0,None,None,1,139,139,2,None,
10290645,Gedinne,HOUSE,VILLA,335000.0,BUY_REGULAR,4.0,,0,None,1,1,None,None,None,3259,4,None,GOOD
10294782,Mettet Biesmerée,HOUSE,HOUSE,325000.0,BUY_REGULAR,4.0,140.0,0,None,0,1,30,1,260,360,3,0,JUST_RENOVATED
10296184,Jambes,APARTMENT,GROUND_FLOOR,269000.0,BUY_REGULAR,1.0,85.0,0,None,0,1,12,None,None,,2,0,GOOD
10114116,Fosses-la-Ville,HOUSE,APARTMENT_BLOCK,340000.0,BUY_REGULAR,4.0,250.0,0,None,0,None,None,None,None,139,3,None,GOOD
10305935,Profondeville,APARTMENT,APARTMENT,175000.0,BUY_REGULAR,2.0,93.0,0,None,0,None,None,None,None,None,,None,GOOD
10305920,Namur,APARTMENT,APARTMENT,350000.0,BUY_REGULAR,2.0,133.0,0,None,0,1,None,None,None,None,None,None,None
10305813,Eghezée,HOUSE,VILLA,375000.0,BUY_REGULAR,4.0,155.0,0,None,0,1,38,None,None,777,4,None,AS_NEW
10305812,Jambes,HOUSE,HOUSE,299000.0,BUY_REGULAR,3.0,153.0,0,None,0,1,6,None,None,126,2,None,
10276606,Florennes,HOUSE,HOUSE,510000.0,BUY_REGULAR,3.0,245.0,0,None,0,1,None,1,700,998,4,0,AS_NEW
10299590,Namur,APARTMENT,APARTMENT,210000.0,BUY_REGULAR,2.0,90.0,None,None,0,1,4,None,None,None,2,None,
10288092,AISEMONT,HOUSE,HOUSE,395000.0,BUY_REGULAR,2.0,125.0,None,None,0,1,None,None,None,1294,4,None,
10287882,Fosses-la-Ville,HOUSE,CASTLE,1150000.0,BUY_REGULAR,15.0,1036.0,0,None,0,None,None,None,None,35000,3,1,
10290599,Beauraing,HOUSE,HOUSE,298000.0,BUY_REGULAR,4.0,155.0,0,None,0,None,None,None,None,700,3,None,
10290598,Pry,HOUSE,HOUSE,275000.0,BUY_REGULAR,5.0,180.0,0,None,0,1,10,1,120,284,3,None,GOOD
10296181,Gembloux,HOUSE,HOUSE,315000.0,BUY_REGULAR,4.0,,None,None,0,None,None,None,None,1076,4,0,
10311240,Jemelle,HOUSE,HOUSE,119000.0,BUY_REGULAR,2.0,76.0,0,None,0,1,None,1,123,180,2,None,GOOD
10281049,Havelange,HOUSE,HOUSE,249000.0,BUY_REGULAR,5.0,168.0,0,None,0,None,None,None,None,512,3,0,GOOD
10303366,Andenne,APARTMENT,APARTMENT,185000.0,BUY_REGULAR,2.0,87.0,0,None,0,None,None,1,50,None,None,None,None
10308547,Ciney,HOUSE,HOUSE,299000.0,BUY_REGULAR,3.0,183.0,0,None,1,None,None,None,None,0,4,0,GOOD
10308527,MALONNE,HOUSE,EXCEPTIONAL_PROPERTY,775000.0,BUY_REGULAR,3.0,210.0,0,None,1,1,80,1,4000,12748,4,None,
10276599,Belgrade,HOUSE,VILLA,365000.0,BUY_REGULAR,5.0,200.0,0,None,0,1,15,1,1180,1231,4,0,GOOD
10299493,Jemelle,APARTMENT,DUPLEX,180000.0,BUY_REGULAR,1.0,95.0,0,None,0,None,None,None,None,None,3,None,GOOD
10284097,Andenne,APARTMENT,APARTMENT,209000.0,BUY_REGULAR,2.0,96.0,0,None,0,None,None,None,None,None,,None,AS_NEW
10223751,Rochefort,HOUSE,VILLA,469000.0,BUY_REGULAR,4.0,200.0,0,None,0,1,40,None,None,1800,4,0,AS_NEW
10284060,ARSIMONT,HOUSE,HOUSE,185000.0,BUY_REGULAR,3.0,220.0,0,None,0,1,20,1,258,520,4,None,TO_BE_DONE_UP
10290589,Rochefort,HOUSE,HOUSE,399000.0,BUY_REGULAR,3.0,160.0,0,None,0,None,None,1,None,50493,4,None,
10295814,COUTISSE,HOUSE,VILLA,369000.0,BUY_REGULAR,3.0,143.0,0,None,0,1,None,1,1200,1200,4,None,
10311235,Beauraing,HOUSE,MIXED_USE_BUILDING,245000.0,BUY_REGULAR,0.0,513.0,0,None,0,None,None,None,None,645,2,0,JUST_RENOVATED
10281043,Namur,APARTMENT,APARTMENT,330000.0,BUY_REGULAR,3.0,140.0,0,None,1,None,None,1,50,None,4,0,
10280901,SART-BERNARD,HOUSE,HOUSE,275000.0,BUY_REGULAR,3.0,130.0,0,None,0,1,None,1,None,635,3,1,GOOD
10305284,Fosses-la-Ville,HOUSE,MIXED_USE_BUILDING,174800.0,BUY_REGULAR,2.0,143.0,0,None,0,None,None,1,200,360,3,None,TO_BE_DONE_UP
10308526,MALONNE,HOUSE,HOUSE,775000.0,BUY_REGULAR,3.0,210.0,0,None,1,1,80,1,4000,12748,4,None,
10276362,SCLAYN,APARTMENT,GROUND_FLOOR,275000.0,BUY_REGULAR,2.0,114.0,1,None,0,1,30,1,30,None,,None,
10299380,Philippeville Roly,HOUSE,HOUSE,269000.0,BUY_REGULAR,5.0,165.0,1,None,0,1,None,None,None,0,4,None,GOOD
10298991,COUTISSE,HOUSE,APARTMENT_BLOCK,1000000.0,BUY_REGULAR,0.0,350.0,0,None,0,None,None,None,None,0,,None,
10294693,Couvin Culdes-Sarts,HOUSE,HOUSE,364000.0,BUY_REGULAR,4.0,175.0,0,None,0,1,40,1,3000,16000,4,None,
10284032,KEUMIÉE,HOUSE,APARTMENT_BLOCK,210000.0,BUY_REGULAR,3.0,280.0,0,None,0,None,None,None,None,527,None,None,None
10290576,Ham-sur-Sambre,HOUSE,HOUSE,40000.0,BUY_REGULAR,2.0,100.0,None,None,0,None,None,None,None,519,None,None,None
10295798,Fosses-la-Ville,HOUSE,HOUSE,260000.0,BUY_REGULAR,4.0,205.0,0,None,0,1,20,1,660,660,4,None,
10311203,BIOUL,HOUSE,HOUSE,245000.0,BUY_REGULAR,3.0,130.0,None,None,0,None,None,1,547,547,4,None,
10310947,Florennes,HOUSE,HOUSE,365000.0,BUY_REGULAR,5.0,300.0,1,None,0,1,25,1,800,1144,2,0,TO_BE_DONE_UP
10280891,Jambes,HOUSE,HOUSE,299000.0,BUY_REGULAR,3.0,110.0,0,None,0,1,8,None,None,335,2,None,GOOD
10305281,Namur,HOUSE,APARTMENT_BLOCK,295000.0,BUY_REGULAR,3.0,270.0,1,None,0,1,80,None,None,0,3,None,
10311829,Lier,APARTMENT,APARTMENT,325000.0,BUY_REGULAR,2.0,89.0,1,None,0,1,8,1,None,,2,None,
10276171,Florennes,HOUSE,HOUSE,96000.0,BUY_REGULAR,3.0,110.0,0,None,0,None,None,1,None,306,3,None,TO_BE_DONE_UP
10276168,Beuzet,HOUSE,HOUSE,10000.0,PUBLIC_SALE,2.0,,None,None,0,None,None,None,None,709,3,None,TO_RENOVATE
10298964,SUGNY,HOUSE,HOUSE,250000.0,BUY_REGULAR,3.0,65.0,0,None,0,None,None,None,None,517,4,None,AS_NEW
10298848,LANDENNE,HOUSE,HOUSE,235000.0,BUY_REGULAR,4.0,130.0,0,None,0,None,None,1,None,2232,4,None,
10284029,LANEFFE,HOUSE,HOUSE,249000.0,BUY_REGULAR,4.0,113.0,None,None,0,1,None,None,None,1299,4,None,
10290564,Assesse,HOUSE,HOUSE,306500.0,BUY_REGULAR,3.0,120.0,0,None,0,None,None,None,None,1001,4,None,
10290534,Philippeville,HOUSE,HOUSE,260500.0,BUY_REGULAR,3.0,160.0,0,None,0,None,None,None,None,885,4,None,
10303341,Eghezée,HOUSE,HOUSE,358500.0,BUY_REGULAR,4.0,150.0,0,None,0,None,None,None,None,551,4,None,
10303332,Rochefort Jemelle,HOUSE,HOUSE,215000.0,BUY_REGULAR,4.0,152.0,0,None,0,1,30,None,None,178,2,None,AS_NEW
10280818,Bouge,HOUSE,VILLA,399000.0,BUY_REGULAR,4.0,160.0,1,None,0,1,20,1,None,750,4,None,AS_NEW
10305280,Namur,HOUSE,APARTMENT_BLOCK,525000.0,BUY_REGULAR,3.0,270.0,1,None,0,1,50,None,None,0,3,None,
10311826,Berchem,HOUSE,HOUSE,525000.0,BUY_REGULAR,3.0,314.0,0,None,0,1,20,1,103,192,2,None,GOOD
10287865,Sombreffe,HOUSE,HOUSE,350000.0,BUY_REGULAR,3.0,160.0,None,None,0,1,None,1,None,1158,4,None,
10275949,Andenne,APARTMENT,DUPLEX,189000.0,BUY_REGULAR,3.0,164.0,None,None,0,None,None,None,None,None,2,None,
10294235,Belgrade,HOUSE,HOUSE,349000.0,BUY_REGULAR,4.0,195.0,0,None,0,None,None,1,313,429,4,0,AS_NEW
10298629,Gembloux,APARTMENT,APARTMENT,255000.0,BUY_REGULAR,2.0,95.0,0,None,0,1,10,None,None,None,2,None,GOOD
10284027,Mettet,HOUSE,HOUSE,209000.0,BUY_REGULAR,4.0,198.0,0,None,0,None,None,None,None,1910,3,None,
10295661,Namur,APARTMENT,APARTMENT,250000.0,BUY_REGULAR,2.0,65.0,None,None,0,None,None,None,None,,,None,
10290530,Ciney,HOUSE,HOUSE,300500.0,BUY_REGULAR,3.0,150.0,0,None,0,None,None,None,None,1018,4,None,
10310883,ANHÉE,HOUSE,HOUSE,199000.0,BUY_REGULAR,3.0,145.0,0,None,0,1,10,1,314,0,2,None,
10310365,Andenne,HOUSE,HOUSE,339000.0,BUY_REGULAR,4.0,140.0,0,None,0,1,None,1,None,626,4,None,AS_NEW
10199260,Ciney,HOUSE,APARTMENT_BLOCK,550000.0,BUY_REGULAR,4.0,432.0,None,None,0,1,None,None,None,259,2,None,GOOD
10203284,Leignon,HOUSE,APARTMENT_BLOCK,1100000.0,BUY_REGULAR,13.0,604.0,0,None,0,None,None,None,None,948,3,None,GOOD
10311825,NIMY,APARTMENT,APARTMENT,80000.0,BUY_REGULAR,1.0,80.0,0,None,0,None,None,None,None,None,2,None,TO_BE_DONE_UP
10287833,Gesves,HOUSE,MANSION,690000.0,BUY_REGULAR,8.0,386.0,1,None,1,1,60,1,None,1390,4,None,GOOD
10275877,Ciney,HOUSE,HOUSE,799000.0,BUY_REGULAR,8.0,,1,None,1,1,None,None,None,0,4,None,AS_NEW
10294202,Andenne,HOUSE,HOUSE,225000.0,BUY_REGULAR,5.0,265.0,0,None,1,1,70,None,None,110,2,None,
10298628,MORNIMONT,HOUSE,COUNTRY_COTTAGE,350000.0,BUY_REGULAR,3.0,146.0,0,None,1,None,None,None,None,528,4,None,GOOD
10298608,Philippeville,HOUSE,HOUSE,220000.0,BUY_REGULAR,5.0,177.0,0,None,0,None,None,None,None,799,4,None,GOOD
10295660,Fosses-la-Ville,HOUSE,HOUSE,220000.0,BUY_REGULAR,3.0,,None,None,0,None,None,None,None,0,3,None,
10295658,Namur,HOUSE,HOUSE,650000.0,BUY_REGULAR,4.0,390.0,None,None,0,1,90,None,None,1609,4,None,
10303260,Namur,APARTMENT,APARTMENT,215000.0,BUY_REGULAR,2.0,83.0,0,None,0,None,None,None,None,None,,None,
10204204,Namur,HOUSE,HOUSE,300000.0,BUY_REGULAR,4.0,,0,None,0,1,7,1,450,500,4,0,GOOD
10305279,Fosses-la-Ville,HOUSE,APARTMENT_BLOCK,199500.0,BUY_REGULAR,2.0,130.0,0,None,0,1,15,None,None,127,3,None,JUST_RENOVATED
10086552,Vedrin,HOUSE,HOUSE,250000.0,BUY_REGULAR,3.0,,None,None,0,None,None,None,None,0,None,None,None
10311824,NIMY,APARTMENT,APARTMENT,105000.0,BUY_REGULAR,3.0,89.0,0,None,0,None,None,None,None,None,None,None,None
10287830,Ciney,HOUSE,MANSION,690000.0,BUY_REGULAR,8.0,386.0,1,None,1,1,60,1,None,1390,4,None,GOOD
10268939,LUSTIN,HOUSE,HOUSE,285000.0,BUY_REGULAR,3.0,183.0,0,None,0,1,30,1,872,872,4,None,
10293971,SAINT-SERVAIS,HOUSE,HOUSE,199000.0,BUY_REGULAR,3.0,137.0,0,None,0,None,None,None,None,165,2,None,TO_BE_DONE_UP
10293959,Andenne,HOUSE,HOUSE,240000.0,BUY_REGULAR,4.0,159.0,1,None,0,None,None,1,None,505,3,None,GOOD
10298606,Gembloux,HOUSE,VILLA,269000.0,BUY_REGULAR,3.0,135.0,0,None,0,None,None,1,1477,1477,,0,TO_BE_DONE_UP
10290526,Florennes,HOUSE,HOUSE,183500.0,BUY_REGULAR,3.0,130.0,0,None,0,None,None,None,None,559,4,None,
10295654,Cortil-Wodon,HOUSE,HOUSE,335000.0,BUY_REGULAR,3.0,137.0,0,None,0,1,12,1,None,1294,4,None,
10310354,Belgrade,HOUSE,HOUSE,200000.0,BUY_REGULAR,2.0,238.0,None,None,0,1,40,None,None,1946,4,None,TO_BE_DONE_UP
10302852,Hanret,HOUSE,APARTMENT_BLOCK,1400000.0,BUY_REGULAR,11.0,677.0,0,None,1,None,None,1,38,556,4,None,JUST_RENOVATED
10305276,HASTIÈRE-LAVAUX,HOUSE,HOUSE,135000.0,BUY_REGULAR,2.0,70.0,0,None,0,1,26,1,640,710,4,None,
10280665,AUVELAIS,HOUSE,HOUSE,310000.0,BUY_REGULAR,5.0,183.0,None,None,0,1,None,None,None,481,3,None,
10311823,Kontich,APARTMENT,APARTMENT,412000.0,BUY_REGULAR,2.0,105.0,0,None,0,None,None,1,50,,,None,GOOD
10287816,Ohey,HOUSE,MANSION,690000.0,BUY_REGULAR,8.0,386.0,1,None,1,1,60,1,None,1390,4,None,GOOD
10275839,Gembloux,HOUSE,EXCEPTIONAL_PROPERTY,795000.0,BUY_REGULAR,5.0,327.0,0,None,1,1,30,1,None,2170,4,None,JUST_RENOVATED
10284026,AUVELAIS,HOUSE,HOUSE,195000.0,BUY_REGULAR,3.0,170.0,None,None,0,None,None,None,None,0,3,None,
10293920,Namur,APARTMENT,APARTMENT,230000.0,BUY_REGULAR,2.0,78.0,0,None,1,1,3,None,None,None,2,0,GOOD
10298605,Gembloux,HOUSE,HOUSE,179000.0,BUY_REGULAR,2.0,166.0,0,None,0,None,None,1,1663,1663,,0,TO_RENOVATE
10290513,Onhaye,HOUSE,HOUSE,276000.0,BUY_REGULAR,3.0,145.0,0,None,0,None,None,None,None,832,4,None,
10295653,Namur,APARTMENT,APARTMENT,210000.0,BUY_REGULAR,1.0,80.0,0,None,0,1,8,None,None,,None,None,None
10310294,Eghezée,APARTMENT,APARTMENT,349000.0,BUY_REGULAR,3.0,280.0,0,None,0,None,None,1,567,None,4,None,TO_BE_DONE_UP
10302697,Beauraing,APARTMENT,APARTMENT,70000.0,BUY_REGULAR,1.0,32.0,0,None,0,None,None,None,None,None,2,None,TO_BE_DONE_UP
10305275,Floreffe,HOUSE,APARTMENT_BLOCK,200000.0,BUY_REGULAR,3.0,75.0,0,None,0,None,None,None,None,0,3,None,
10280664,HAM-SUR-SAMBRE,HOUSE,HOUSE,229000.0,BUY_REGULAR,3.0,,None,None,0,1,None,None,None,1160,4,None,
10308303,Sambreville,HOUSE,HOUSE,157000.0,BUY_REGULAR,2.0,60.0,0,None,0,1,1,1,1,207,3,0,
10287814,Naninne,HOUSE,HOUSE,297500.0,BUY_REGULAR,3.0,160.0,0,None,0,None,None,None,None,811,4,None,
10275822,VELAINE-SUR-SAMBRE,HOUSE,VILLA,345000.0,BUY_REGULAR,3.0,142.0,0,None,0,1,180,1,600,0,4,None,GOOD
10284024,KEUMIÉE,HOUSE,HOUSE,210000.0,BUY_REGULAR,3.0,280.0,0,None,0,None,None,None,None,527,None,None,None
10293837,Philippeville,HOUSE,VILLA,195000.0,BUY_REGULAR,3.0,140.0,0,None,0,1,20,1,650,800,4,0,TO_BE_DONE_UP
10298579,Ciney,HOUSE,HOUSE,305000.0,BUY_REGULAR,3.0,,0,None,0,None,None,None,None,0,4,None,
10290484,Florée,HOUSE,HOUSE,275000.0,BUY_REGULAR,4.0,220.0,0,None,0,1,20,1,180,0,3,None,JUST_RENOVATED
10295652,Namur,APARTMENT,APARTMENT,199000.0,BUY_REGULAR,2.0,70.0,0,None,0,None,None,None,None,,None,None,None
10310292,Eghezée,HOUSE,HOUSE,349000.0,BUY_REGULAR,3.0,280.0,0,None,0,None,None,1,567,1056,4,None,TO_BE_DONE_UP
10302687,Ermeton-sur-Biert,HOUSE,HOUSE,259000.0,BUY_REGULAR,3.0,82.0,None,None,0,1,None,None,None,758,4,None,
10305269,Floreffe,HOUSE,APARTMENT_BLOCK,390000.0,BUY_REGULAR,3.0,120.0,0,None,0,None,None,None,None,0,3,None,
10280610,PETIGNY,HOUSE,HOUSE,59000.0,BUY_REGULAR,2.0,85.0,0,None,0,None,None,1,182,283,2,None,TO_RENOVATE
10308278,Philippeville,HOUSE,HOUSE,320000.0,BUY_REGULAR,3.0,,None,None,0,None,None,None,None,0,4,0,
10287807,Walcourt,HOUSE,HOUSE,299500.0,BUY_REGULAR,3.0,230.0,0,None,0,None,None,None,None,1040,4,None,
10275774,Sambreville,HOUSE,HOUSE,165000.0,BUY_REGULAR,4.0,,None,None,0,1,45,1,300,345,3,0,
10284007,Jallet,HOUSE,HOUSE,199000.0,BUY_REGULAR,4.0,247.0,0,None,0,None,None,1,None,2918,3,None,TO_RENOVATE
10293658,Baronville,HOUSE,HOUSE,185000.0,BUY_REGULAR,4.0,149.0,None,None,0,None,None,None,None,1855,4,None,
10298573,Ciney,HOUSE,HOUSE,295000.0,BUY_REGULAR,3.0,,0,None,0,None,None,None,None,0,4,None,AS_NEW
10290477,Namur,APARTMENT,DUPLEX,345000.0,BUY_REGULAR,2.0,126.0,0,None,0,1,10,None,None,None,4,0,GOOD
10295650,Namur,HOUSE,APARTMENT_BLOCK,425000.0,BUY_REGULAR,7.0,400.0,None,None,0,None,None,None,None,101,2,None,
10309576,Fosses-la-Ville,HOUSE,HOUSE,240000.0,BUY_REGULAR,3.0,,0,None,0,None,None,None,None,612,4,None,
10276929,Bièvre,HOUSE,HOUSE,150000.0,BUY_REGULAR,2.0,,0,None,0,None,None,None,None,500,3,0,TO_BE_DONE_UP
10305265,HASTIÈRE-LAVAUX,HOUSE,CHALET,135000.0,BUY_REGULAR,2.0,70.0,0,None,0,1,26,1,640,710,4,None,
10280515,Florennes,HOUSE,BUNGALOW,64900.0,BUY_REGULAR,2.0,40.0,0,None,0,None,None,1,1000,1043,4,0,GOOD
10308207,Ciney,APARTMENT,APARTMENT,120000.0,PUBLIC_SALE,3.0,,0,None,0,1,None,None,None,,,None,
10287749,Havelange,HOUSE,HOUSE,264500.0,BUY_REGULAR,3.0,145.0,0,None,0,None,None,None,None,647,4,None,
10275734,Jambes,APARTMENT,APARTMENT,130000.0,BUY_REGULAR,2.0,78.0,0,None,0,None,None,None,None,None,2,None,GOOD
10283987,Vitrival,HOUSE,HOUSE,160000.0,BUY_REGULAR,3.0,155.0,0,None,0,1,8,1,None,58,2,None,
10293622,Agimont,HOUSE,HOUSE,249000.0,BUY_REGULAR,3.0,,0,None,0,1,30,1,538,537,3,None,AS_NEW
10298561,Ciney,HOUSE,HOUSE,359000.0,BUY_REGULAR,3.0,,0,None,0,1,None,None,None,0,4,None,AS_NEW
10290471,Mettet,HOUSE,HOUSE,315500.0,BUY_REGULAR,3.0,180.0,0,None,0,None,None,None,None,828,4,None,
10295648,Jambes,APARTMENT,APARTMENT,290000.0,BUY_REGULAR,2.0,83.0,None,None,0,1,22,None,None,None,,None,
10310040,Jambes,APARTMENT,APARTMENT,280000.0,BUY_REGULAR,2.0,115.0,0,None,0,None,None,None,None,None,2,None,GOOD
10302613,Namur,APARTMENT,PENTHOUSE,270000.0,BUY_REGULAR,2.0,109.0,0,None,0,1,7,None,None,None,,None,TO_BE_DONE_UP
10305264,Fosses-la-Ville,HOUSE,HOUSE,174800.0,BUY_REGULAR,2.0,143.0,0,None,0,None,None,1,200,360,3,None,TO_BE_DONE_UP
10280387,Boneffe,HOUSE,HOUSE,370000.0,BUY_REGULAR,2.0,165.0,0,None,0,1,41,1,708,810,2,0,GOOD
10308206,Ciney,APARTMENT,APARTMENT,110000.0,PUBLIC_SALE,3.0,,0,None,0,1,None,None,None,,,None,
10287738,SORÉE,HOUSE,FARMHOUSE,350000.0,BUY_REGULAR,2.0,237.0,0,None,0,None,None,None,None,4640,,None,TO_RENOVATE
10283961,Couvin,HOUSE,VILLA,195000.0,BUY_REGULAR,3.0,140.0,0,None,0,1,20,1,650,800,4,0,TO_BE_DONE_UP
10293546,Floriffoux,HOUSE,HOUSE,395000.0,BUY_REGULAR,3.0,200.0,None,None,0,None,None,None,None,955,4,None,
10298458,AISCHE-EN-REFAIL,APARTMENT,APARTMENT,150000.0,BUY_REGULAR,1.0,60.0,0,None,0,None,None,None,None,None,,None,GOOD
10290348,DION,HOUSE,HOUSE,440000.0,BUY_REGULAR,5.0,190.0,1,None,0,1,None,1,None,1232,3,None,AS_NEW
10295647,Namur,APARTMENT,APARTMENT,265000.0,BUY_REGULAR,2.0,,None,None,0,None,None,None,None,None,None,None,None
10309998,Yvoir,HOUSE,EXCEPTIONAL_PROPERTY,725000.0,BUY_REGULAR,100.0,,None,None,0,1,None,1,None,42562,4,None,GOOD
10302578,Havelange,HOUSE,HOUSE,220000.0,BUY_REGULAR,3.0,,0,None,0,None,None,1,2445,2445,2,None,TO_BE_DONE_UP
10305259,Fosses-la-Ville,HOUSE,HOUSE,199500.0,BUY_REGULAR,2.0,130.0,0,None,0,1,15,None,None,127,3,None,JUST_RENOVATED
10280386,Profondeville,HOUSE,VILLA,229000.0,BUY_REGULAR,1.0,65.0,0,None,0,None,None,1,530,649,4,0,TO_RENOVATE
10308205,Ciney,APARTMENT,APARTMENT,250000.0,PUBLIC_SALE,6.0,,None,None,0,None,None,None,None,None,None,None,None
10287660,Wierde,HOUSE,HOUSE,419500.0,BUY_REGULAR,3.0,160.0,0,None,0,None,None,None,None,868,4,None,
10283846,Profondeville Lustin,APARTMENT,APARTMENT,95000.0,BUY_REGULAR,2.0,57.0,None,None,0,1,20,1,3800,,3,0,TO_BE_DONE_UP
10293465,Floriffoux,HOUSE,HOUSE,385000.0,BUY_REGULAR,3.0,180.0,None,None,0,None,None,None,None,905,4,None,
10298298,VITRIVAL,HOUSE,TOWN_HOUSE,145000.0,BUY_REGULAR,3.0,136.0,0,None,0,None,None,None,None,130,2,None,GOOD
10290218,VELAINE,APARTMENT,APARTMENT,179000.0,BUY_REGULAR,1.0,,0,None,0,1,None,None,None,None,,None,
10309989,OLLOY-SUR-VIROIN,HOUSE,HOUSE,129000.0,BUY_REGULAR,3.0,,None,None,0,None,None,None,None,225,3,None,JUST_RENOVATED
10302489,Walcourt,APARTMENT,APARTMENT,105000.0,BUY_REGULAR,1.0,42.0,None,None,0,1,None,None,None,None,4,1,GOOD
10305258,Floreffe,HOUSE,HOUSE,269000.0,BUY_REGULAR,4.0,139.0,0,None,0,1,100,None,None,990,3,None,
10308201,Cerfontaine,HOUSE,APARTMENT_BLOCK,275000.0,BUY_REGULAR,2.0,230.0,0,None,0,1,None,None,None,469,4,None,
10287630,Saint-Servais,HOUSE,HOUSE,299000.0,BUY_REGULAR,3.0,115.0,0,None,0,1,None,None,None,0,3,None,TO_BE_DONE_UP
10283606,Ciney,HOUSE,HOUSE,185000.0,BUY_REGULAR,2.0,106.0,0,None,0,1,25,None,None,69,3,None,GOOD
10293434,Morialmé,HOUSE,HOUSE,60000.0,PUBLIC_SALE,3.0,,None,None,0,None,None,None,None,0,None,None,None
10255042,SAINT-GÉRARD,HOUSE,HOUSE,275000.0,BUY_REGULAR,3.0,165.0,None,None,0,None,None,None,None,355,2,None,
10274727,Andenne,HOUSE,HOUSE,179000.0,BUY_REGULAR,2.0,191.0,0,None,0,1,None,1,280,346,2,0,GOOD
10302488,Cerfontaine,APARTMENT,APARTMENT,105000.0,BUY_REGULAR,1.0,42.0,None,None,0,1,None,None,None,None,4,1,GOOD
10305257,SAINT-GÉRARD,HOUSE,HOUSE,550000.0,BUY_REGULAR,5.0,800.0,0,None,0,None,None,1,2310,2310,3,None,TO_BE_DONE_UP
10307612,Hastière,APARTMENT,APARTMENT,99000.0,BUY_REGULAR,2.0,65.0,None,None,0,None,None,None,None,None,,None,TO_RENOVATE
10287623,Foy-Notre-Dame,HOUSE,HOUSE,344165.0,BUY_REGULAR,4.0,165.0,0,None,0,None,None,None,None,756,4,None,
10283580,HERMETON-SUR-MEUSE,HOUSE,HOUSE,215000.0,BUY_REGULAR,4.0,,0,None,0,1,None,None,None,1417,3,None,TO_RENOVATE
10293233,PESSOUX,HOUSE,HOUSE,279000.0,BUY_REGULAR,3.0,135.0,0,None,0,1,None,None,None,900,4,None,
10290216,Somme-Leuze,HOUSE,HOUSE,228700.0,BUY_REGULAR,3.0,118.0,None,None,0,None,None,None,None,3752,4,None,
10309908,Eghezée,HOUSE,HOUSE,575000.0,BUY_REGULAR,3.0,500.0,None,None,0,None,None,1,3000,3700,4,1,
10302330,Houyet,HOUSE,APARTMENT_BLOCK,350000.0,BUY_REGULAR,0.0,,None,None,0,None,None,1,145,230,2,0,GOOD
10305256,SAINT-GÉRARD,HOUSE,HOUSE,225000.0,BUY_REGULAR,2.0,300.0,None,None,0,1,20,1,800,1428,3,None,
10287596,Gesves,HOUSE,HOUSE,295500.0,BUY_REGULAR,3.0,165.0,0,None,0,None,None,None,None,1018,3,None,
10235097,Florennes,HOUSE,HOUSE,109000.0,BUY_REGULAR,2.0,80.0,None,None,0,None,None,None,None,0,2,None,TO_BE_DONE_UP
10293119,Morialmé,HOUSE,HOUSE,40000.0,PUBLIC_SALE,2.0,,None,None,0,None,None,None,None,0,None,None,None
10309897,Mettet,HOUSE,HOUSE,249000.0,BUY_REGULAR,2.0,215.0,None,None,0,None,None,1,1500,1975,4,None,
10302102,Saint-Servais,HOUSE,MIXED_USE_BUILDING,275000.0,BUY_REGULAR,4.0,165.0,0,None,0,1,50,None,None,86,3,0,GOOD
10305254,Vresse-sur-Semois,HOUSE,HOUSE,139000.0,BUY_REGULAR,6.0,270.0,0,None,1,1,40,1,700,700,4,None,TO_RENOVATE
10287582,Ohey,HOUSE,HOUSE,265500.0,BUY_REGULAR,3.0,180.0,0,None,0,None,None,None,None,1179,4,None,
10283512,Andenne,HOUSE,HOUSE,140000.0,BUY_REGULAR,0.0,,None,None,0,None,None,None,None,1446,None,0,None
10309885,Dinant,HOUSE,APARTMENT_BLOCK,249000.0,BUY_REGULAR,2.0,166.0,0,None,0,None,None,None,None,231,2,1,
10301707,GODINNE,APARTMENT,GROUND_FLOOR,188475.0,BUY_REGULAR,1.0,65.0,None,None,0,1,10,None,None,None,3,None,AS_NEW
10305253,Fosses-la-Ville,HOUSE,HOUSE,145000.0,BUY_REGULAR,3.0,81.0,0,None,0,1,30,None,None,0,2,None,
10287580,Vedrin,HOUSE,HOUSE,315000.0,BUY_REGULAR,3.0,253.0,0,None,1,1,None,None,None,762,4,None,
10283511,Grand-Leez,HOUSE,HOUSE,475000.0,BUY_REGULAR,3.0,245.0,0,None,0,1,None,1,None,984,4,1,AS_NEW
10301502,Sombreffe,HOUSE,HOUSE,245000.0,BUY_REGULAR,4.0,125.0,0,None,0,1,20,1,400,512,3,None,TO_BE_DONE_UP
10287475,Namur,APARTMENT,APARTMENT,295000.0,BUY_REGULAR,3.0,110.0,0,None,0,None,None,None,None,None,2,None,JUST_RENOVATED
10283507,Baillonville,HOUSE,VILLA,345000.0,BUY_REGULAR,4.0,,0,None,0,1,76,1,1861,1861,1,None,TO_BE_DONE_UP
10301405,Dinant,HOUSE,HOUSE,245000.0,BUY_REGULAR,3.0,,0,None,0,1,1,1,200,286,3,0,AS_NEW
10287345,Gembloux,APARTMENT_GROUP,APARTMENT_GROUP,,BUY_REGULAR,,,None,None,0,None,None,None,None,None,None,None,None
