"Belgique","Région","Province","Arrondissement","Commune","Tous les âges","Groupe d’âges","Age","Population au 01 janvier 2022"
"Belgique","Région flamande","Province d’Anvers","Arrondissement d’Anvers",,"Tous les âges","De 18 à 64 ans","18 ans",11593
"Belgique","Région flamande","Province d’Anvers","Arrondissement d’Anvers",,"Tous les âges","De 18 à 64 ans","19 ans",11395
"Belgique","Région flamande","Province d’Anvers","Arrondissement d’Anvers",,"Tous les âges","De 18 à 64 ans","20 ans",11360
"Belgique","Région flamande","Province d’Anvers","Arrondissement d’Anvers",,"Tous les âges","De 18 à 64 ans","21 ans",11877
"Belgique","Région flamande","Province d’Anvers","Arrondissement d’Anvers",,"Tous les âges","De 18 à 64 ans","22 ans",12098
"Belgique","Région flamande","Province d’Anvers","Arrondissement d’Anvers",,"Tous les âges","De 18 à 64 ans","23 ans",12269
"Belgique","Région flamande","Province d’Anvers","Arrondissement d’Anvers",,"Tous les âges","De 18 à 64 ans","24 ans",12944
"Belgique","Région flamande","Province d’Anvers","Arrondissement d’Anvers",,"Tous les âges","De 18 à 64 ans","25 ans",13265
"Belgique","Région flamande","Province d’Anvers","Arrondissement d’Anvers",,"Tous les âges","De 18 à 64 ans",,636533
"Belgique","Région flamande","Province d’Anvers","Arrondissement de Malines",,"Tous les âges","De 18 à 64 ans","18 ans",3788
"Belgique","Région flamande","Province d’Anvers","Arrondissement de Malines",,"Tous les âges","De 18 à 64 ans","19 ans",3713
"Belgique","Région flamande","Province d’Anvers","Arrondissement de Malines",,"Tous les âges","De 18 à 64 ans","20 ans",3639
"Belgique","Région flamande","Province d’Anvers","Arrondissement de Malines",,"Tous les âges","De 18 à 64 ans","21 ans",3737
"Belgique","Région flamande","Province d’Anvers","Arrondissement de Malines",,"Tous les âges","De 18 à 64 ans","22 ans",3803
"Belgique","Région flamande","Province d’Anvers","Arrondissement de Malines",,"Tous les âges","De 18 à 64 ans","23 ans",3868
"Belgique","Région flamande","Province d’Anvers","Arrondissement de Malines",,"Tous les âges","De 18 à 64 ans","24 ans",3965
"Belgique","Région flamande","Province d’Anvers","Arrondissement de Malines",,"Tous les âges","De 18 à 64 ans","25 ans",3994
"Belgique","Région flamande","Province d’Anvers","Arrondissement de Malines",,"Tous les âges","De 18 à 64 ans",,210063
"Belgique","Région flamande","Province d’Anvers","Arrondissement de Turnhout",,"Tous les âges","De 18 à 64 ans","18 ans",4691
"Belgique","Région flamande","Province d’Anvers","Arrondissement de Turnhout",,"Tous les âges","De 18 à 64 ans","19 ans",4760
"Belgique","Région flamande","Province d’Anvers","Arrondissement de Turnhout",,"Tous les âges","De 18 à 64 ans","20 ans",4874
"Belgique","Région flamande","Province d’Anvers","Arrondissement de Turnhout",,"Tous les âges","De 18 à 64 ans","21 ans",5153
"Belgique","Région flamande","Province d’Anvers","Arrondissement de Turnhout",,"Tous les âges","De 18 à 64 ans","22 ans",5149
"Belgique","Région flamande","Province d’Anvers","Arrondissement de Turnhout",,"Tous les âges","De 18 à 64 ans","23 ans",5189
"Belgique","Région flamande","Province d’Anvers","Arrondissement de Turnhout",,"Tous les âges","De 18 à 64 ans","24 ans",5091
"Belgique","Région flamande","Province d’Anvers","Arrondissement de Turnhout",,"Tous les âges","De 18 à 64 ans","25 ans",5075
"Belgique","Région flamande","Province d’Anvers","Arrondissement de Turnhout",,"Tous les âges","De 18 à 64 ans",,283947
"Belgique","Région flamande","Province du Brabant flamand","Arrondissement de Hal-Vilvorde",,"Tous les âges","De 18 à 64 ans","18 ans",7941
"Belgique","Région flamande","Province du Brabant flamand","Arrondissement de Hal-Vilvorde",,"Tous les âges","De 18 à 64 ans","19 ans",7711
"Belgique","Région flamande","Province du Brabant flamand","Arrondissement de Hal-Vilvorde",,"Tous les âges","De 18 à 64 ans","20 ans",7783
"Belgique","Région flamande","Province du Brabant flamand","Arrondissement de Hal-Vilvorde",,"Tous les âges","De 18 à 64 ans","21 ans",7756
"Belgique","Région flamande","Province du Brabant flamand","Arrondissement de Hal-Vilvorde",,"Tous les âges","De 18 à 64 ans","22 ans",7650
"Belgique","Région flamande","Province du Brabant flamand","Arrondissement de Hal-Vilvorde",,"Tous les âges","De 18 à 64 ans","23 ans",7579
"Belgique","Région flamande","Province du Brabant flamand","Arrondissement de Hal-Vilvorde",,"Tous les âges","De 18 à 64 ans","24 ans",7237
"Belgique","Région flamande","Province du Brabant flamand","Arrondissement de Hal-Vilvorde",,"Tous les âges","De 18 à 64 ans","25 ans",7087
"Belgique","Région flamande","Province du Brabant flamand","Arrondissement de Hal-Vilvorde",,"Tous les âges","De 18 à 64 ans",,387709
"Belgique","Région flamande","Province du Brabant flamand","Arrondissement de Louvain",,"Tous les âges","De 18 à 64 ans","18 ans",5433
"Belgique","Région flamande","Province du Brabant flamand","Arrondissement de Louvain",,"Tous les âges","De 18 à 64 ans","19 ans",5531
"Belgique","Région flamande","Province du Brabant flamand","Arrondissement de Louvain",,"Tous les âges","De 18 à 64 ans","20 ans",5537
"Belgique","Région flamande","Province du Brabant flamand","Arrondissement de Louvain",,"Tous les âges","De 18 à 64 ans","21 ans",5890
"Belgique","Région flamande","Province du Brabant flamand","Arrondissement de Louvain",,"Tous les âges","De 18 à 64 ans","22 ans",6009
"Belgique","Région flamande","Province du Brabant flamand","Arrondissement de Louvain",,"Tous les âges","De 18 à 64 ans","23 ans",6286
"Belgique","Région flamande","Province du Brabant flamand","Arrondissement de Louvain",,"Tous les âges","De 18 à 64 ans","24 ans",6442
"Belgique","Région flamande","Province du Brabant flamand","Arrondissement de Louvain",,"Tous les âges","De 18 à 64 ans","25 ans",6533
"Belgique","Région flamande","Province du Brabant flamand","Arrondissement de Louvain",,"Tous les âges","De 18 à 64 ans",,312838
"Belgique","Région flamande","Province de Flandre occidentale","Arrondissement de Bruges",,"Tous les âges","De 18 à 64 ans","18 ans",2704
"Belgique","Région flamande","Province de Flandre occidentale","Arrondissement de Bruges",,"Tous les âges","De 18 à 64 ans","19 ans",2715
"Belgique","Région flamande","Province de Flandre occidentale","Arrondissement de Bruges",,"Tous les âges","De 18 à 64 ans","20 ans",2814
"Belgique","Région flamande","Province de Flandre occidentale","Arrondissement de Bruges",,"Tous les âges","De 18 à 64 ans","21 ans",2959
"Belgique","Région flamande","Province de Flandre occidentale","Arrondissement de Bruges",,"Tous les âges","De 18 à 64 ans","22 ans",2989
"Belgique","Région flamande","Province de Flandre occidentale","Arrondissement de Bruges",,"Tous les âges","De 18 à 64 ans","23 ans",3076
"Belgique","Région flamande","Province de Flandre occidentale","Arrondissement de Bruges",,"Tous les âges","De 18 à 64 ans","24 ans",3121
"Belgique","Région flamande","Province de Flandre occidentale","Arrondissement de Bruges",,"Tous les âges","De 18 à 64 ans","25 ans",3064
"Belgique","Région flamande","Province de Flandre occidentale","Arrondissement de Bruges",,"Tous les âges","De 18 à 64 ans",,163547
"Belgique","Région flamande","Province de Flandre occidentale","Arrondissement de Dixmude",,"Tous les âges","De 18 à 64 ans","18 ans",501
"Belgique","Région flamande","Province de Flandre occidentale","Arrondissement de Dixmude",,"Tous les âges","De 18 à 64 ans","19 ans",513
"Belgique","Région flamande","Province de Flandre occidentale","Arrondissement de Dixmude",,"Tous les âges","De 18 à 64 ans","20 ans",531
"Belgique","Région flamande","Province de Flandre occidentale","Arrondissement de Dixmude",,"Tous les âges","De 18 à 64 ans","21 ans",576
"Belgique","Région flamande","Province de Flandre occidentale","Arrondissement de Dixmude",,"Tous les âges","De 18 à 64 ans","22 ans",555
"Belgique","Région flamande","Province de Flandre occidentale","Arrondissement de Dixmude",,"Tous les âges","De 18 à 64 ans","23 ans",582
"Belgique","Région flamande","Province de Flandre occidentale","Arrondissement de Dixmude",,"Tous les âges","De 18 à 64 ans","24 ans",546
"Belgique","Région flamande","Province de Flandre occidentale","Arrondissement de Dixmude",,"Tous les âges","De 18 à 64 ans","25 ans",538
"Belgique","Région flamande","Province de Flandre occidentale","Arrondissement de Dixmude",,"Tous les âges","De 18 à 64 ans",,30737
"Belgique","Région flamande","Province de Flandre occidentale","Arrondissement d’Ypres",,"Tous les âges","De 18 à 64 ans","18 ans",1127
"Belgique","Région flamande","Province de Flandre occidentale","Arrondissement d’Ypres",,"Tous les âges","De 18 à 64 ans","19 ans",1145
"Belgique","Région flamande","Province de Flandre occidentale","Arrondissement d’Ypres",,"Tous les âges","De 18 à 64 ans","20 ans",1160
"Belgique","Région flamande","Province de Flandre occidentale","Arrondissement d’Ypres",,"Tous les âges","De 18 à 64 ans","21 ans",1228
"Belgique","Région flamande","Province de Flandre occidentale","Arrondissement d’Ypres",,"Tous les âges","De 18 à 64 ans","22 ans",1160
"Belgique","Région flamande","Province de Flandre occidentale","Arrondissement d’Ypres",,"Tous les âges","De 18 à 64 ans","23 ans",1205
"Belgique","Région flamande","Province de Flandre occidentale","Arrondissement d’Ypres",,"Tous les âges","De 18 à 64 ans","24 ans",1170
"Belgique","Région flamande","Province de Flandre occidentale","Arrondissement d’Ypres",,"Tous les âges","De 18 à 64 ans","25 ans",1116
"Belgique","Région flamande","Province de Flandre occidentale","Arrondissement d’Ypres",,"Tous les âges","De 18 à 64 ans",,62244
"Belgique","Région flamande","Province de Flandre occidentale","Arrondissement de Courtrai",,"Tous les âges","De 18 à 64 ans","18 ans",3043
"Belgique","Région flamande","Province de Flandre occidentale","Arrondissement de Courtrai",,"Tous les âges","De 18 à 64 ans","19 ans",3109
"Belgique","Région flamande","Province de Flandre occidentale","Arrondissement de Courtrai",,"Tous les âges","De 18 à 64 ans","20 ans",3159
"Belgique","Région flamande","Province de Flandre occidentale","Arrondissement de Courtrai",,"Tous les âges","De 18 à 64 ans","21 ans",3263
"Belgique","Région flamande","Province de Flandre occidentale","Arrondissement de Courtrai",,"Tous les âges","De 18 à 64 ans","22 ans",3201
"Belgique","Région flamande","Province de Flandre occidentale","Arrondissement de Courtrai",,"Tous les âges","De 18 à 64 ans","23 ans",3300
"Belgique","Région flamande","Province de Flandre occidentale","Arrondissement de Courtrai",,"Tous les âges","De 18 à 64 ans","24 ans",3421
"Belgique","Région flamande","Province de Flandre occidentale","Arrondissement de Courtrai",,"Tous les âges","De 18 à 64 ans","25 ans",3474
"Belgique","Région flamande","Province de Flandre occidentale","Arrondissement de Courtrai",,"Tous les âges","De 18 à 64 ans",,174501
"Belgique","Région flamande","Province de Flandre occidentale","Arrondissement d’Ostende",,"Tous les âges","De 18 à 64 ans","18 ans",1420
"Belgique","Région flamande","Province de Flandre occidentale","Arrondissement d’Ostende",,"Tous les âges","De 18 à 64 ans","19 ans",1409
"Belgique","Région flamande","Province de Flandre occidentale","Arrondissement d’Ostende",,"Tous les âges","De 18 à 64 ans","20 ans",1484
"Belgique","Région flamande","Province de Flandre occidentale","Arrondissement d’Ostende",,"Tous les âges","De 18 à 64 ans","21 ans",1513
"Belgique","Région flamande","Province de Flandre occidentale","Arrondissement d’Ostende",,"Tous les âges","De 18 à 64 ans","22 ans",1555
"Belgique","Région flamande","Province de Flandre occidentale","Arrondissement d’Ostende",,"Tous les âges","De 18 à 64 ans","23 ans",1487
"Belgique","Région flamande","Province de Flandre occidentale","Arrondissement d’Ostende",,"Tous les âges","De 18 à 64 ans","24 ans",1588
"Belgique","Région flamande","Province de Flandre occidentale","Arrondissement d’Ostende",,"Tous les âges","De 18 à 64 ans","25 ans",1547
"Belgique","Région flamande","Province de Flandre occidentale","Arrondissement d’Ostende",,"Tous les âges","De 18 à 64 ans",,88490
"Belgique","Région flamande","Province de Flandre occidentale","Arrondissement de Roulers",,"Tous les âges","De 18 à 64 ans","18 ans",1594
"Belgique","Région flamande","Province de Flandre occidentale","Arrondissement de Roulers",,"Tous les âges","De 18 à 64 ans","19 ans",1673
"Belgique","Région flamande","Province de Flandre occidentale","Arrondissement de Roulers",,"Tous les âges","De 18 à 64 ans","20 ans",1679
"Belgique","Région flamande","Province de Flandre occidentale","Arrondissement de Roulers",,"Tous les âges","De 18 à 64 ans","21 ans",1758
"Belgique","Région flamande","Province de Flandre occidentale","Arrondissement de Roulers",,"Tous les âges","De 18 à 64 ans","22 ans",1693
"Belgique","Région flamande","Province de Flandre occidentale","Arrondissement de Roulers",,"Tous les âges","De 18 à 64 ans","23 ans",1871
"Belgique","Région flamande","Province de Flandre occidentale","Arrondissement de Roulers",,"Tous les âges","De 18 à 64 ans","24 ans",1832
"Belgique","Région flamande","Province de Flandre occidentale","Arrondissement de Roulers",,"Tous les âges","De 18 à 64 ans","25 ans",1917
"Belgique","Région flamande","Province de Flandre occidentale","Arrondissement de Roulers",,"Tous les âges","De 18 à 64 ans",,93016
"Belgique","Région flamande","Province de Flandre occidentale","Arrondissement de Tielt",,"Tous les âges","De 18 à 64 ans","18 ans",959
"Belgique","Région flamande","Province de Flandre occidentale","Arrondissement de Tielt",,"Tous les âges","De 18 à 64 ans","19 ans",980
"Belgique","Région flamande","Province de Flandre occidentale","Arrondissement de Tielt",,"Tous les âges","De 18 à 64 ans","20 ans",999
"Belgique","Région flamande","Province de Flandre occidentale","Arrondissement de Tielt",,"Tous les âges","De 18 à 64 ans","21 ans",1044
"Belgique","Région flamande","Province de Flandre occidentale","Arrondissement de Tielt",,"Tous les âges","De 18 à 64 ans","22 ans",1102
"Belgique","Région flamande","Province de Flandre occidentale","Arrondissement de Tielt",,"Tous les âges","De 18 à 64 ans","23 ans",1063
"Belgique","Région flamande","Province de Flandre occidentale","Arrondissement de Tielt",,"Tous les âges","De 18 à 64 ans","24 ans",1092
"Belgique","Région flamande","Province de Flandre occidentale","Arrondissement de Tielt",,"Tous les âges","De 18 à 64 ans","25 ans",1072
"Belgique","Région flamande","Province de Flandre occidentale","Arrondissement de Tielt",,"Tous les âges","De 18 à 64 ans",,56322
"Belgique","Région flamande","Province de Flandre occidentale","Arrondissement de Furnes",,"Tous les âges","De 18 à 64 ans","18 ans",470
"Belgique","Région flamande","Province de Flandre occidentale","Arrondissement de Furnes",,"Tous les âges","De 18 à 64 ans","19 ans",510
"Belgique","Région flamande","Province de Flandre occidentale","Arrondissement de Furnes",,"Tous les âges","De 18 à 64 ans","20 ans",541
"Belgique","Région flamande","Province de Flandre occidentale","Arrondissement de Furnes",,"Tous les âges","De 18 à 64 ans","21 ans",542
"Belgique","Région flamande","Province de Flandre occidentale","Arrondissement de Furnes",,"Tous les âges","De 18 à 64 ans","22 ans",541
"Belgique","Région flamande","Province de Flandre occidentale","Arrondissement de Furnes",,"Tous les âges","De 18 à 64 ans","23 ans",549
"Belgique","Région flamande","Province de Flandre occidentale","Arrondissement de Furnes",,"Tous les âges","De 18 à 64 ans","24 ans",560
"Belgique","Région flamande","Province de Flandre occidentale","Arrondissement de Furnes",,"Tous les âges","De 18 à 64 ans","25 ans",545
"Belgique","Région flamande","Province de Flandre occidentale","Arrondissement de Furnes",,"Tous les âges","De 18 à 64 ans",,32269
"Belgique","Région flamande","Province de Flandre orientale","Arrondissement d’Alost",,"Tous les âges","De 18 à 64 ans","18 ans",3143
"Belgique","Région flamande","Province de Flandre orientale","Arrondissement d’Alost",,"Tous les âges","De 18 à 64 ans","19 ans",3109
"Belgique","Région flamande","Province de Flandre orientale","Arrondissement d’Alost",,"Tous les âges","De 18 à 64 ans","20 ans",3047
"Belgique","Région flamande","Province de Flandre orientale","Arrondissement d’Alost",,"Tous les âges","De 18 à 64 ans","21 ans",3170
"Belgique","Région flamande","Province de Flandre orientale","Arrondissement d’Alost",,"Tous les âges","De 18 à 64 ans","22 ans",3214
"Belgique","Région flamande","Province de Flandre orientale","Arrondissement d’Alost",,"Tous les âges","De 18 à 64 ans","23 ans",3167
"Belgique","Région flamande","Province de Flandre orientale","Arrondissement d’Alost",,"Tous les âges","De 18 à 64 ans","24 ans",3267
"Belgique","Région flamande","Province de Flandre orientale","Arrondissement d’Alost",,"Tous les âges","De 18 à 64 ans","25 ans",3131
"Belgique","Région flamande","Province de Flandre orientale","Arrondissement d’Alost",,"Tous les âges","De 18 à 64 ans",,178453
"Belgique","Région flamande","Province de Flandre orientale","Arrondissement de Termonde",,"Tous les âges","De 18 à 64 ans","18 ans",2173
"Belgique","Région flamande","Province de Flandre orientale","Arrondissement de Termonde",,"Tous les âges","De 18 à 64 ans","19 ans",2074
"Belgique","Région flamande","Province de Flandre orientale","Arrondissement de Termonde",,"Tous les âges","De 18 à 64 ans","20 ans",2183
"Belgique","Région flamande","Province de Flandre orientale","Arrondissement de Termonde",,"Tous les âges","De 18 à 64 ans","21 ans",2199
"Belgique","Région flamande","Province de Flandre orientale","Arrondissement de Termonde",,"Tous les âges","De 18 à 64 ans","22 ans",2157
"Belgique","Région flamande","Province de Flandre orientale","Arrondissement de Termonde",,"Tous les âges","De 18 à 64 ans","23 ans",2208
"Belgique","Région flamande","Province de Flandre orientale","Arrondissement de Termonde",,"Tous les âges","De 18 à 64 ans","24 ans",2237
"Belgique","Région flamande","Province de Flandre orientale","Arrondissement de Termonde",,"Tous les âges","De 18 à 64 ans","25 ans",2272
"Belgique","Région flamande","Province de Flandre orientale","Arrondissement de Termonde",,"Tous les âges","De 18 à 64 ans",,122525
"Belgique","Région flamande","Province de Flandre orientale","Arrondissement d’Eeklo",,"Tous les âges","De 18 à 64 ans","18 ans",889
"Belgique","Région flamande","Province de Flandre orientale","Arrondissement d’Eeklo",,"Tous les âges","De 18 à 64 ans","19 ans",879
"Belgique","Région flamande","Province de Flandre orientale","Arrondissement d’Eeklo",,"Tous les âges","De 18 à 64 ans","20 ans",922
"Belgique","Région flamande","Province de Flandre orientale","Arrondissement d’Eeklo",,"Tous les âges","De 18 à 64 ans","21 ans",919
"Belgique","Région flamande","Province de Flandre orientale","Arrondissement d’Eeklo",,"Tous les âges","De 18 à 64 ans","22 ans",950
"Belgique","Région flamande","Province de Flandre orientale","Arrondissement d’Eeklo",,"Tous les âges","De 18 à 64 ans","23 ans",961
"Belgique","Région flamande","Province de Flandre orientale","Arrondissement d’Eeklo",,"Tous les âges","De 18 à 64 ans","24 ans",1004
"Belgique","Région flamande","Province de Flandre orientale","Arrondissement d’Eeklo",,"Tous les âges","De 18 à 64 ans","25 ans",963
"Belgique","Région flamande","Province de Flandre orientale","Arrondissement d’Eeklo",,"Tous les âges","De 18 à 64 ans",,52062
"Belgique","Région flamande","Province de Flandre orientale","Arrondissement de Gand",,"Tous les âges","De 18 à 64 ans","18 ans",5697
"Belgique","Région flamande","Province de Flandre orientale","Arrondissement de Gand",,"Tous les âges","De 18 à 64 ans","19 ans",5764
"Belgique","Région flamande","Province de Flandre orientale","Arrondissement de Gand",,"Tous les âges","De 18 à 64 ans","20 ans",6017
"Belgique","Région flamande","Province de Flandre orientale","Arrondissement de Gand",,"Tous les âges","De 18 à 64 ans","21 ans",6473
"Belgique","Région flamande","Province de Flandre orientale","Arrondissement de Gand",,"Tous les âges","De 18 à 64 ans","22 ans",6378
"Belgique","Région flamande","Province de Flandre orientale","Arrondissement de Gand",,"Tous les âges","De 18 à 64 ans","23 ans",6917
"Belgique","Région flamande","Province de Flandre orientale","Arrondissement de Gand",,"Tous les âges","De 18 à 64 ans","24 ans",7635
"Belgique","Région flamande","Province de Flandre orientale","Arrondissement de Gand",,"Tous les âges","De 18 à 64 ans","25 ans",8142
"Belgique","Région flamande","Province de Flandre orientale","Arrondissement de Gand",,"Tous les âges","De 18 à 64 ans",,350786
"Belgique","Région flamande","Province de Flandre orientale","Arrondissement d’Audenarde",,"Tous les âges","De 18 à 64 ans","18 ans",1368
"Belgique","Région flamande","Province de Flandre orientale","Arrondissement d’Audenarde",,"Tous les âges","De 18 à 64 ans","19 ans",1322
"Belgique","Région flamande","Province de Flandre orientale","Arrondissement d’Audenarde",,"Tous les âges","De 18 à 64 ans","20 ans",1384
"Belgique","Région flamande","Province de Flandre orientale","Arrondissement d’Audenarde",,"Tous les âges","De 18 à 64 ans","21 ans",1407
"Belgique","Région flamande","Province de Flandre orientale","Arrondissement d’Audenarde",,"Tous les âges","De 18 à 64 ans","22 ans",1378
"Belgique","Région flamande","Province de Flandre orientale","Arrondissement d’Audenarde",,"Tous les âges","De 18 à 64 ans","23 ans",1368
"Belgique","Région flamande","Province de Flandre orientale","Arrondissement d’Audenarde",,"Tous les âges","De 18 à 64 ans","24 ans",1296
"Belgique","Région flamande","Province de Flandre orientale","Arrondissement d’Audenarde",,"Tous les âges","De 18 à 64 ans","25 ans",1403
"Belgique","Région flamande","Province de Flandre orientale","Arrondissement d’Audenarde",,"Tous les âges","De 18 à 64 ans",,74768
"Belgique","Région flamande","Province de Flandre orientale","Arrondissement de Saint-Nicolas",,"Tous les âges","De 18 à 64 ans","18 ans",2813
"Belgique","Région flamande","Province de Flandre orientale","Arrondissement de Saint-Nicolas",,"Tous les âges","De 18 à 64 ans","19 ans",2789
"Belgique","Région flamande","Province de Flandre orientale","Arrondissement de Saint-Nicolas",,"Tous les âges","De 18 à 64 ans","20 ans",2821
"Belgique","Région flamande","Province de Flandre orientale","Arrondissement de Saint-Nicolas",,"Tous les âges","De 18 à 64 ans","21 ans",2919
"Belgique","Région flamande","Province de Flandre orientale","Arrondissement de Saint-Nicolas",,"Tous les âges","De 18 à 64 ans","22 ans",2877
"Belgique","Région flamande","Province de Flandre orientale","Arrondissement de Saint-Nicolas",,"Tous les âges","De 18 à 64 ans","23 ans",3014
"Belgique","Région flamande","Province de Flandre orientale","Arrondissement de Saint-Nicolas",,"Tous les âges","De 18 à 64 ans","24 ans",3006
"Belgique","Région flamande","Province de Flandre orientale","Arrondissement de Saint-Nicolas",,"Tous les âges","De 18 à 64 ans","25 ans",2936
"Belgique","Région flamande","Province de Flandre orientale","Arrondissement de Saint-Nicolas",,"Tous les âges","De 18 à 64 ans",,152744
"Belgique","Région flamande","Province du Limbourg","Arrondissement de Hasselt",,"Tous les âges","De 18 à 64 ans","18 ans",4238
"Belgique","Région flamande","Province du Limbourg","Arrondissement de Hasselt",,"Tous les âges","De 18 à 64 ans","19 ans",4336
"Belgique","Région flamande","Province du Limbourg","Arrondissement de Hasselt",,"Tous les âges","De 18 à 64 ans","20 ans",4332
"Belgique","Région flamande","Province du Limbourg","Arrondissement de Hasselt",,"Tous les âges","De 18 à 64 ans","21 ans",4451
"Belgique","Région flamande","Province du Limbourg","Arrondissement de Hasselt",,"Tous les âges","De 18 à 64 ans","22 ans",4540
"Belgique","Région flamande","Province du Limbourg","Arrondissement de Hasselt",,"Tous les âges","De 18 à 64 ans","23 ans",4528
"Belgique","Région flamande","Province du Limbourg","Arrondissement de Hasselt",,"Tous les âges","De 18 à 64 ans","24 ans",4593
"Belgique","Région flamande","Province du Limbourg","Arrondissement de Hasselt",,"Tous les âges","De 18 à 64 ans","25 ans",4394
"Belgique","Région flamande","Province du Limbourg","Arrondissement de Hasselt",,"Tous les âges","De 18 à 64 ans",,255315
"Belgique","Région flamande","Province du Limbourg","Arrondissement de Maaseik",,"Tous les âges","De 18 à 64 ans","18 ans",2486
"Belgique","Région flamande","Province du Limbourg","Arrondissement de Maaseik",,"Tous les âges","De 18 à 64 ans","19 ans",2571
"Belgique","Région flamande","Province du Limbourg","Arrondissement de Maaseik",,"Tous les âges","De 18 à 64 ans","20 ans",2693
"Belgique","Région flamande","Province du Limbourg","Arrondissement de Maaseik",,"Tous les âges","De 18 à 64 ans","21 ans",2707
"Belgique","Région flamande","Province du Limbourg","Arrondissement de Maaseik",,"Tous les âges","De 18 à 64 ans","22 ans",2746
"Belgique","Région flamande","Province du Limbourg","Arrondissement de Maaseik",,"Tous les âges","De 18 à 64 ans","23 ans",2714
"Belgique","Région flamande","Province du Limbourg","Arrondissement de Maaseik",,"Tous les âges","De 18 à 64 ans","24 ans",2783
"Belgique","Région flamande","Province du Limbourg","Arrondissement de Maaseik",,"Tous les âges","De 18 à 64 ans","25 ans",2684
"Belgique","Région flamande","Province du Limbourg","Arrondissement de Maaseik",,"Tous les âges","De 18 à 64 ans",,153368
"Belgique","Région flamande","Province du Limbourg","Arrondissement de Tongres",,"Tous les âges","De 18 à 64 ans","18 ans",2077
"Belgique","Région flamande","Province du Limbourg","Arrondissement de Tongres",,"Tous les âges","De 18 à 64 ans","19 ans",2074
"Belgique","Région flamande","Province du Limbourg","Arrondissement de Tongres",,"Tous les âges","De 18 à 64 ans","20 ans",2139
"Belgique","Région flamande","Province du Limbourg","Arrondissement de Tongres",,"Tous les âges","De 18 à 64 ans","21 ans",2079
"Belgique","Région flamande","Province du Limbourg","Arrondissement de Tongres",,"Tous les âges","De 18 à 64 ans","22 ans",2088
"Belgique","Région flamande","Province du Limbourg","Arrondissement de Tongres",,"Tous les âges","De 18 à 64 ans","23 ans",2077
"Belgique","Région flamande","Province du Limbourg","Arrondissement de Tongres",,"Tous les âges","De 18 à 64 ans","24 ans",2243
"Belgique","Région flamande","Province du Limbourg","Arrondissement de Tongres",,"Tous les âges","De 18 à 64 ans","25 ans",2147
"Belgique","Région flamande","Province du Limbourg","Arrondissement de Tongres",,"Tous les âges","De 18 à 64 ans",,124394
"Belgique","Région de Bruxelles-Capitale",,"Arrondissement de Bruxelles-Capitale","Anderlecht","Tous les âges","De 18 à 64 ans","18 ans",1570
"Belgique","Région de Bruxelles-Capitale",,"Arrondissement de Bruxelles-Capitale","Anderlecht","Tous les âges","De 18 à 64 ans","19 ans",1538
"Belgique","Région de Bruxelles-Capitale",,"Arrondissement de Bruxelles-Capitale","Anderlecht","Tous les âges","De 18 à 64 ans","20 ans",1704
"Belgique","Région de Bruxelles-Capitale",,"Arrondissement de Bruxelles-Capitale","Anderlecht","Tous les âges","De 18 à 64 ans","21 ans",1707
"Belgique","Région de Bruxelles-Capitale",,"Arrondissement de Bruxelles-Capitale","Anderlecht","Tous les âges","De 18 à 64 ans","22 ans",1709
"Belgique","Région de Bruxelles-Capitale",,"Arrondissement de Bruxelles-Capitale","Anderlecht","Tous les âges","De 18 à 64 ans","23 ans",1647
"Belgique","Région de Bruxelles-Capitale",,"Arrondissement de Bruxelles-Capitale","Anderlecht","Tous les âges","De 18 à 64 ans","24 ans",1609
"Belgique","Région de Bruxelles-Capitale",,"Arrondissement de Bruxelles-Capitale","Anderlecht","Tous les âges","De 18 à 64 ans","25 ans",1593
"Belgique","Région de Bruxelles-Capitale",,"Arrondissement de Bruxelles-Capitale","Anderlecht","Tous les âges","De 18 à 64 ans",,75294
"Belgique","Région de Bruxelles-Capitale",,"Arrondissement de Bruxelles-Capitale","Auderghem","Tous les âges","De 18 à 64 ans","18 ans",380
"Belgique","Région de Bruxelles-Capitale",,"Arrondissement de Bruxelles-Capitale","Auderghem","Tous les âges","De 18 à 64 ans","19 ans",389
"Belgique","Région de Bruxelles-Capitale",,"Arrondissement de Bruxelles-Capitale","Auderghem","Tous les âges","De 18 à 64 ans","20 ans",392
"Belgique","Région de Bruxelles-Capitale",,"Arrondissement de Bruxelles-Capitale","Auderghem","Tous les âges","De 18 à 64 ans","21 ans",407
"Belgique","Région de Bruxelles-Capitale",,"Arrondissement de Bruxelles-Capitale","Auderghem","Tous les âges","De 18 à 64 ans","22 ans",396
"Belgique","Région de Bruxelles-Capitale",,"Arrondissement de Bruxelles-Capitale","Auderghem","Tous les âges","De 18 à 64 ans","23 ans",424
"Belgique","Région de Bruxelles-Capitale",,"Arrondissement de Bruxelles-Capitale","Auderghem","Tous les âges","De 18 à 64 ans","24 ans",475
"Belgique","Région de Bruxelles-Capitale",,"Arrondissement de Bruxelles-Capitale","Auderghem","Tous les âges","De 18 à 64 ans","25 ans",490
"Belgique","Région de Bruxelles-Capitale",,"Arrondissement de Bruxelles-Capitale","Auderghem","Tous les âges","De 18 à 64 ans",,21816
"Belgique","Région de Bruxelles-Capitale",,"Arrondissement de Bruxelles-Capitale","Berchem-Sainte-Agathe","Tous les âges","De 18 à 64 ans","18 ans",313
"Belgique","Région de Bruxelles-Capitale",,"Arrondissement de Bruxelles-Capitale","Berchem-Sainte-Agathe","Tous les âges","De 18 à 64 ans","19 ans",327
"Belgique","Région de Bruxelles-Capitale",,"Arrondissement de Bruxelles-Capitale","Berchem-Sainte-Agathe","Tous les âges","De 18 à 64 ans","20 ans",329
"Belgique","Région de Bruxelles-Capitale",,"Arrondissement de Bruxelles-Capitale","Berchem-Sainte-Agathe","Tous les âges","De 18 à 64 ans","21 ans",323
"Belgique","Région de Bruxelles-Capitale",,"Arrondissement de Bruxelles-Capitale","Berchem-Sainte-Agathe","Tous les âges","De 18 à 64 ans","22 ans",346
"Belgique","Région de Bruxelles-Capitale",,"Arrondissement de Bruxelles-Capitale","Berchem-Sainte-Agathe","Tous les âges","De 18 à 64 ans","23 ans",297
"Belgique","Région de Bruxelles-Capitale",,"Arrondissement de Bruxelles-Capitale","Berchem-Sainte-Agathe","Tous les âges","De 18 à 64 ans","24 ans",308
"Belgique","Région de Bruxelles-Capitale",,"Arrondissement de Bruxelles-Capitale","Berchem-Sainte-Agathe","Tous les âges","De 18 à 64 ans","25 ans",327
"Belgique","Région de Bruxelles-Capitale",,"Arrondissement de Bruxelles-Capitale","Berchem-Sainte-Agathe","Tous les âges","De 18 à 64 ans",,15000
"Belgique","Région de Bruxelles-Capitale",,"Arrondissement de Bruxelles-Capitale","Bruxelles","Tous les âges","De 18 à 64 ans","18 ans",2171
"Belgique","Région de Bruxelles-Capitale",,"Arrondissement de Bruxelles-Capitale","Bruxelles","Tous les âges","De 18 à 64 ans","19 ans",2181
"Belgique","Région de Bruxelles-Capitale",,"Arrondissement de Bruxelles-Capitale","Bruxelles","Tous les âges","De 18 à 64 ans","20 ans",2300
"Belgique","Région de Bruxelles-Capitale",,"Arrondissement de Bruxelles-Capitale","Bruxelles","Tous les âges","De 18 à 64 ans","21 ans",2509
"Belgique","Région de Bruxelles-Capitale",,"Arrondissement de Bruxelles-Capitale","Bruxelles","Tous les âges","De 18 à 64 ans","22 ans",2562
"Belgique","Région de Bruxelles-Capitale",,"Arrondissement de Bruxelles-Capitale","Bruxelles","Tous les âges","De 18 à 64 ans","23 ans",2625
"Belgique","Région de Bruxelles-Capitale",,"Arrondissement de Bruxelles-Capitale","Bruxelles","Tous les âges","De 18 à 64 ans","24 ans",3024
"Belgique","Région de Bruxelles-Capitale",,"Arrondissement de Bruxelles-Capitale","Bruxelles","Tous les âges","De 18 à 64 ans","25 ans",3331
"Belgique","Région de Bruxelles-Capitale",,"Arrondissement de Bruxelles-Capitale","Bruxelles","Tous les âges","De 18 à 64 ans",,125556
"Belgique","Région de Bruxelles-Capitale",,"Arrondissement de Bruxelles-Capitale","Etterbeek","Tous les âges","De 18 à 64 ans","18 ans",390
"Belgique","Région de Bruxelles-Capitale",,"Arrondissement de Bruxelles-Capitale","Etterbeek","Tous les âges","De 18 à 64 ans","19 ans",425
"Belgique","Région de Bruxelles-Capitale",,"Arrondissement de Bruxelles-Capitale","Etterbeek","Tous les âges","De 18 à 64 ans","20 ans",496
"Belgique","Région de Bruxelles-Capitale",,"Arrondissement de Bruxelles-Capitale","Etterbeek","Tous les âges","De 18 à 64 ans","21 ans",529
"Belgique","Région de Bruxelles-Capitale",,"Arrondissement de Bruxelles-Capitale","Etterbeek","Tous les âges","De 18 à 64 ans","22 ans",542
"Belgique","Région de Bruxelles-Capitale",,"Arrondissement de Bruxelles-Capitale","Etterbeek","Tous les âges","De 18 à 64 ans","23 ans",677
"Belgique","Région de Bruxelles-Capitale",,"Arrondissement de Bruxelles-Capitale","Etterbeek","Tous les âges","De 18 à 64 ans","24 ans",853
"Belgique","Région de Bruxelles-Capitale",,"Arrondissement de Bruxelles-Capitale","Etterbeek","Tous les âges","De 18 à 64 ans","25 ans",1121
"Belgique","Région de Bruxelles-Capitale",,"Arrondissement de Bruxelles-Capitale","Etterbeek","Tous les âges","De 18 à 64 ans",,35028
"Belgique","Région de Bruxelles-Capitale",,"Arrondissement de Bruxelles-Capitale","Evere","Tous les âges","De 18 à 64 ans","18 ans",475
"Belgique","Région de Bruxelles-Capitale",,"Arrondissement de Bruxelles-Capitale","Evere","Tous les âges","De 18 à 64 ans","19 ans",449
"Belgique","Région de Bruxelles-Capitale",,"Arrondissement de Bruxelles-Capitale","Evere","Tous les âges","De 18 à 64 ans","20 ans",464
"Belgique","Région de Bruxelles-Capitale",,"Arrondissement de Bruxelles-Capitale","Evere","Tous les âges","De 18 à 64 ans","21 ans",528
"Belgique","Région de Bruxelles-Capitale",,"Arrondissement de Bruxelles-Capitale","Evere","Tous les âges","De 18 à 64 ans","22 ans",489
"Belgique","Région de Bruxelles-Capitale",,"Arrondissement de Bruxelles-Capitale","Evere","Tous les âges","De 18 à 64 ans","23 ans",505
"Belgique","Région de Bruxelles-Capitale",,"Arrondissement de Bruxelles-Capitale","Evere","Tous les âges","De 18 à 64 ans","24 ans",531
"Belgique","Région de Bruxelles-Capitale",,"Arrondissement de Bruxelles-Capitale","Evere","Tous les âges","De 18 à 64 ans","25 ans",565
"Belgique","Région de Bruxelles-Capitale",,"Arrondissement de Bruxelles-Capitale","Evere","Tous les âges","De 18 à 64 ans",,26669
"Belgique","Région de Bruxelles-Capitale",,"Arrondissement de Bruxelles-Capitale","Forest (Bruxelles-Capitale)","Tous les âges","De 18 à 64 ans","18 ans",559
"Belgique","Région de Bruxelles-Capitale",,"Arrondissement de Bruxelles-Capitale","Forest (Bruxelles-Capitale)","Tous les âges","De 18 à 64 ans","19 ans",590
"Belgique","Région de Bruxelles-Capitale",,"Arrondissement de Bruxelles-Capitale","Forest (Bruxelles-Capitale)","Tous les âges","De 18 à 64 ans","20 ans",594
"Belgique","Région de Bruxelles-Capitale",,"Arrondissement de Bruxelles-Capitale","Forest (Bruxelles-Capitale)","Tous les âges","De 18 à 64 ans","21 ans",654
"Belgique","Région de Bruxelles-Capitale",,"Arrondissement de Bruxelles-Capitale","Forest (Bruxelles-Capitale)","Tous les âges","De 18 à 64 ans","22 ans",650
"Belgique","Région de Bruxelles-Capitale",,"Arrondissement de Bruxelles-Capitale","Forest (Bruxelles-Capitale)","Tous les âges","De 18 à 64 ans","23 ans",664
"Belgique","Région de Bruxelles-Capitale",,"Arrondissement de Bruxelles-Capitale","Forest (Bruxelles-Capitale)","Tous les âges","De 18 à 64 ans","24 ans",703
"Belgique","Région de Bruxelles-Capitale",,"Arrondissement de Bruxelles-Capitale","Forest (Bruxelles-Capitale)","Tous les âges","De 18 à 64 ans","25 ans",739
"Belgique","Région de Bruxelles-Capitale",,"Arrondissement de Bruxelles-Capitale","Forest (Bruxelles-Capitale)","Tous les âges","De 18 à 64 ans",,36595
"Belgique","Région de Bruxelles-Capitale",,"Arrondissement de Bruxelles-Capitale","Ganshoren","Tous les âges","De 18 à 64 ans","18 ans",272
"Belgique","Région de Bruxelles-Capitale",,"Arrondissement de Bruxelles-Capitale","Ganshoren","Tous les âges","De 18 à 64 ans","19 ans",296
"Belgique","Région de Bruxelles-Capitale",,"Arrondissement de Bruxelles-Capitale","Ganshoren","Tous les âges","De 18 à 64 ans","20 ans",282
"Belgique","Région de Bruxelles-Capitale",,"Arrondissement de Bruxelles-Capitale","Ganshoren","Tous les âges","De 18 à 64 ans","21 ans",277
"Belgique","Région de Bruxelles-Capitale",,"Arrondissement de Bruxelles-Capitale","Ganshoren","Tous les âges","De 18 à 64 ans","22 ans",294
"Belgique","Région de Bruxelles-Capitale",,"Arrondissement de Bruxelles-Capitale","Ganshoren","Tous les âges","De 18 à 64 ans","23 ans",278
"Belgique","Région de Bruxelles-Capitale",,"Arrondissement de Bruxelles-Capitale","Ganshoren","Tous les âges","De 18 à 64 ans","24 ans",287
"Belgique","Région de Bruxelles-Capitale",,"Arrondissement de Bruxelles-Capitale","Ganshoren","Tous les âges","De 18 à 64 ans","25 ans",284
"Belgique","Région de Bruxelles-Capitale",,"Arrondissement de Bruxelles-Capitale","Ganshoren","Tous les âges","De 18 à 64 ans",,15093
"Belgique","Région de Bruxelles-Capitale",,"Arrondissement de Bruxelles-Capitale","Ixelles","Tous les âges","De 18 à 64 ans","18 ans",702
"Belgique","Région de Bruxelles-Capitale",,"Arrondissement de Bruxelles-Capitale","Ixelles","Tous les âges","De 18 à 64 ans","19 ans",817
"Belgique","Région de Bruxelles-Capitale",,"Arrondissement de Bruxelles-Capitale","Ixelles","Tous les âges","De 18 à 64 ans","20 ans",931
"Belgique","Région de Bruxelles-Capitale",,"Arrondissement de Bruxelles-Capitale","Ixelles","Tous les âges","De 18 à 64 ans","21 ans",1011
"Belgique","Région de Bruxelles-Capitale",,"Arrondissement de Bruxelles-Capitale","Ixelles","Tous les âges","De 18 à 64 ans","22 ans",1259
"Belgique","Région de Bruxelles-Capitale",,"Arrondissement de Bruxelles-Capitale","Ixelles","Tous les âges","De 18 à 64 ans","23 ans",1471
"Belgique","Région de Bruxelles-Capitale",,"Arrondissement de Bruxelles-Capitale","Ixelles","Tous les âges","De 18 à 64 ans","24 ans",1767
"Belgique","Région de Bruxelles-Capitale",,"Arrondissement de Bruxelles-Capitale","Ixelles","Tous les âges","De 18 à 64 ans","25 ans",2162
"Belgique","Région de Bruxelles-Capitale",,"Arrondissement de Bruxelles-Capitale","Ixelles","Tous les âges","De 18 à 64 ans",,64407
"Belgique","Région de Bruxelles-Capitale",,"Arrondissement de Bruxelles-Capitale","Jette","Tous les âges","De 18 à 64 ans","18 ans",627
"Belgique","Région de Bruxelles-Capitale",,"Arrondissement de Bruxelles-Capitale","Jette","Tous les âges","De 18 à 64 ans","19 ans",566
"Belgique","Région de Bruxelles-Capitale",,"Arrondissement de Bruxelles-Capitale","Jette","Tous les âges","De 18 à 64 ans","20 ans",588
"Belgique","Région de Bruxelles-Capitale",,"Arrondissement de Bruxelles-Capitale","Jette","Tous les âges","De 18 à 64 ans","21 ans",569
"Belgique","Région de Bruxelles-Capitale",,"Arrondissement de Bruxelles-Capitale","Jette","Tous les âges","De 18 à 64 ans","22 ans",618
"Belgique","Région de Bruxelles-Capitale",,"Arrondissement de Bruxelles-Capitale","Jette","Tous les âges","De 18 à 64 ans","23 ans",595
"Belgique","Région de Bruxelles-Capitale",,"Arrondissement de Bruxelles-Capitale","Jette","Tous les âges","De 18 à 64 ans","24 ans",656
"Belgique","Région de Bruxelles-Capitale",,"Arrondissement de Bruxelles-Capitale","Jette","Tous les âges","De 18 à 64 ans","25 ans",662
"Belgique","Région de Bruxelles-Capitale",,"Arrondissement de Bruxelles-Capitale","Jette","Tous les âges","De 18 à 64 ans",,32267
"Belgique","Région de Bruxelles-Capitale",,"Arrondissement de Bruxelles-Capitale","Koekelberg","Tous les âges","De 18 à 64 ans","18 ans",262
"Belgique","Région de Bruxelles-Capitale",,"Arrondissement de Bruxelles-Capitale","Koekelberg","Tous les âges","De 18 à 64 ans","19 ans",283
"Belgique","Région de Bruxelles-Capitale",,"Arrondissement de Bruxelles-Capitale","Koekelberg","Tous les âges","De 18 à 64 ans","20 ans",284
"Belgique","Région de Bruxelles-Capitale",,"Arrondissement de Bruxelles-Capitale","Koekelberg","Tous les âges","De 18 à 64 ans","21 ans",261
"Belgique","Région de Bruxelles-Capitale",,"Arrondissement de Bruxelles-Capitale","Koekelberg","Tous les âges","De 18 à 64 ans","22 ans",256
"Belgique","Région de Bruxelles-Capitale",,"Arrondissement de Bruxelles-Capitale","Koekelberg","Tous les âges","De 18 à 64 ans","23 ans",256
"Belgique","Région de Bruxelles-Capitale",,"Arrondissement de Bruxelles-Capitale","Koekelberg","Tous les âges","De 18 à 64 ans","24 ans",282
"Belgique","Région de Bruxelles-Capitale",,"Arrondissement de Bruxelles-Capitale","Koekelberg","Tous les âges","De 18 à 64 ans","25 ans",308
"Belgique","Région de Bruxelles-Capitale",,"Arrondissement de Bruxelles-Capitale","Koekelberg","Tous les âges","De 18 à 64 ans",,13752
"Belgique","Région de Bruxelles-Capitale",,"Arrondissement de Bruxelles-Capitale","Molenbeek-Saint-Jean","Tous les âges","De 18 à 64 ans","18 ans",1397
"Belgique","Région de Bruxelles-Capitale",,"Arrondissement de Bruxelles-Capitale","Molenbeek-Saint-Jean","Tous les âges","De 18 à 64 ans","19 ans",1293
"Belgique","Région de Bruxelles-Capitale",,"Arrondissement de Bruxelles-Capitale","Molenbeek-Saint-Jean","Tous les âges","De 18 à 64 ans","20 ans",1291
"Belgique","Région de Bruxelles-Capitale",,"Arrondissement de Bruxelles-Capitale","Molenbeek-Saint-Jean","Tous les âges","De 18 à 64 ans","21 ans",1235
"Belgique","Région de Bruxelles-Capitale",,"Arrondissement de Bruxelles-Capitale","Molenbeek-Saint-Jean","Tous les âges","De 18 à 64 ans","22 ans",1317
"Belgique","Région de Bruxelles-Capitale",,"Arrondissement de Bruxelles-Capitale","Molenbeek-Saint-Jean","Tous les âges","De 18 à 64 ans","23 ans",1192
"Belgique","Région de Bruxelles-Capitale",,"Arrondissement de Bruxelles-Capitale","Molenbeek-Saint-Jean","Tous les âges","De 18 à 64 ans","24 ans",1318
"Belgique","Région de Bruxelles-Capitale",,"Arrondissement de Bruxelles-Capitale","Molenbeek-Saint-Jean","Tous les âges","De 18 à 64 ans","25 ans",1326
"Belgique","Région de Bruxelles-Capitale",,"Arrondissement de Bruxelles-Capitale","Molenbeek-Saint-Jean","Tous les âges","De 18 à 64 ans",,58683
"Belgique","Région de Bruxelles-Capitale",,"Arrondissement de Bruxelles-Capitale","Saint-Gilles","Tous les âges","De 18 à 64 ans","18 ans",449
"Belgique","Région de Bruxelles-Capitale",,"Arrondissement de Bruxelles-Capitale","Saint-Gilles","Tous les âges","De 18 à 64 ans","19 ans",455
"Belgique","Région de Bruxelles-Capitale",,"Arrondissement de Bruxelles-Capitale","Saint-Gilles","Tous les âges","De 18 à 64 ans","20 ans",501
"Belgique","Région de Bruxelles-Capitale",,"Arrondissement de Bruxelles-Capitale","Saint-Gilles","Tous les âges","De 18 à 64 ans","21 ans",526
"Belgique","Région de Bruxelles-Capitale",,"Arrondissement de Bruxelles-Capitale","Saint-Gilles","Tous les âges","De 18 à 64 ans","22 ans",574
"Belgique","Région de Bruxelles-Capitale",,"Arrondissement de Bruxelles-Capitale","Saint-Gilles","Tous les âges","De 18 à 64 ans","23 ans",660
"Belgique","Région de Bruxelles-Capitale",,"Arrondissement de Bruxelles-Capitale","Saint-Gilles","Tous les âges","De 18 à 64 ans","24 ans",817
"Belgique","Région de Bruxelles-Capitale",,"Arrondissement de Bruxelles-Capitale","Saint-Gilles","Tous les âges","De 18 à 64 ans","25 ans",953
"Belgique","Région de Bruxelles-Capitale",,"Arrondissement de Bruxelles-Capitale","Saint-Gilles","Tous les âges","De 18 à 64 ans",,35470
"Belgique","Région de Bruxelles-Capitale",,"Arrondissement de Bruxelles-Capitale","Saint-Josse-ten-Noode","Tous les âges","De 18 à 64 ans","18 ans",314
"Belgique","Région de Bruxelles-Capitale",,"Arrondissement de Bruxelles-Capitale","Saint-Josse-ten-Noode","Tous les âges","De 18 à 64 ans","19 ans",344
"Belgique","Région de Bruxelles-Capitale",,"Arrondissement de Bruxelles-Capitale","Saint-Josse-ten-Noode","Tous les âges","De 18 à 64 ans","20 ans",352
"Belgique","Région de Bruxelles-Capitale",,"Arrondissement de Bruxelles-Capitale","Saint-Josse-ten-Noode","Tous les âges","De 18 à 64 ans","21 ans",428
"Belgique","Région de Bruxelles-Capitale",,"Arrondissement de Bruxelles-Capitale","Saint-Josse-ten-Noode","Tous les âges","De 18 à 64 ans","22 ans",391
"Belgique","Région de Bruxelles-Capitale",,"Arrondissement de Bruxelles-Capitale","Saint-Josse-ten-Noode","Tous les âges","De 18 à 64 ans","23 ans",433
"Belgique","Région de Bruxelles-Capitale",,"Arrondissement de Bruxelles-Capitale","Saint-Josse-ten-Noode","Tous les âges","De 18 à 64 ans","24 ans",460
"Belgique","Région de Bruxelles-Capitale",,"Arrondissement de Bruxelles-Capitale","Saint-Josse-ten-Noode","Tous les âges","De 18 à 64 ans","25 ans",482
"Belgique","Région de Bruxelles-Capitale",,"Arrondissement de Bruxelles-Capitale","Saint-Josse-ten-Noode","Tous les âges","De 18 à 64 ans",,18624
"Belgique","Région de Bruxelles-Capitale",,"Arrondissement de Bruxelles-Capitale","Schaerbeek","Tous les âges","De 18 à 64 ans","18 ans",1577
"Belgique","Région de Bruxelles-Capitale",,"Arrondissement de Bruxelles-Capitale","Schaerbeek","Tous les âges","De 18 à 64 ans","19 ans",1539
"Belgique","Région de Bruxelles-Capitale",,"Arrondissement de Bruxelles-Capitale","Schaerbeek","Tous les âges","De 18 à 64 ans","20 ans",1572
"Belgique","Région de Bruxelles-Capitale",,"Arrondissement de Bruxelles-Capitale","Schaerbeek","Tous les âges","De 18 à 64 ans","21 ans",1601
"Belgique","Région de Bruxelles-Capitale",,"Arrondissement de Bruxelles-Capitale","Schaerbeek","Tous les âges","De 18 à 64 ans","22 ans",1701
"Belgique","Région de Bruxelles-Capitale",,"Arrondissement de Bruxelles-Capitale","Schaerbeek","Tous les âges","De 18 à 64 ans","23 ans",1722
"Belgique","Région de Bruxelles-Capitale",,"Arrondissement de Bruxelles-Capitale","Schaerbeek","Tous les âges","De 18 à 64 ans","24 ans",1896
"Belgique","Région de Bruxelles-Capitale",,"Arrondissement de Bruxelles-Capitale","Schaerbeek","Tous les âges","De 18 à 64 ans","25 ans",2077
"Belgique","Région de Bruxelles-Capitale",,"Arrondissement de Bruxelles-Capitale","Schaerbeek","Tous les âges","De 18 à 64 ans",,85527
"Belgique","Région de Bruxelles-Capitale",,"Arrondissement de Bruxelles-Capitale","Uccle","Tous les âges","De 18 à 64 ans","18 ans",961
"Belgique","Région de Bruxelles-Capitale",,"Arrondissement de Bruxelles-Capitale","Uccle","Tous les âges","De 18 à 64 ans","19 ans",956
"Belgique","Région de Bruxelles-Capitale",,"Arrondissement de Bruxelles-Capitale","Uccle","Tous les âges","De 18 à 64 ans","20 ans",968
"Belgique","Région de Bruxelles-Capitale",,"Arrondissement de Bruxelles-Capitale","Uccle","Tous les âges","De 18 à 64 ans","21 ans",935
"Belgique","Région de Bruxelles-Capitale",,"Arrondissement de Bruxelles-Capitale","Uccle","Tous les âges","De 18 à 64 ans","22 ans",982
"Belgique","Région de Bruxelles-Capitale",,"Arrondissement de Bruxelles-Capitale","Uccle","Tous les âges","De 18 à 64 ans","23 ans",1006
"Belgique","Région de Bruxelles-Capitale",,"Arrondissement de Bruxelles-Capitale","Uccle","Tous les âges","De 18 à 64 ans","24 ans",1071
"Belgique","Région de Bruxelles-Capitale",,"Arrondissement de Bruxelles-Capitale","Uccle","Tous les âges","De 18 à 64 ans","25 ans",1080
"Belgique","Région de Bruxelles-Capitale",,"Arrondissement de Bruxelles-Capitale","Uccle","Tous les âges","De 18 à 64 ans",,51888
"Belgique","Région de Bruxelles-Capitale",,"Arrondissement de Bruxelles-Capitale","Watermael-Boitsfort","Tous les âges","De 18 à 64 ans","18 ans",320
"Belgique","Région de Bruxelles-Capitale",,"Arrondissement de Bruxelles-Capitale","Watermael-Boitsfort","Tous les âges","De 18 à 64 ans","19 ans",299
"Belgique","Région de Bruxelles-Capitale",,"Arrondissement de Bruxelles-Capitale","Watermael-Boitsfort","Tous les âges","De 18 à 64 ans","20 ans",327
"Belgique","Région de Bruxelles-Capitale",,"Arrondissement de Bruxelles-Capitale","Watermael-Boitsfort","Tous les âges","De 18 à 64 ans","21 ans",345
"Belgique","Région de Bruxelles-Capitale",,"Arrondissement de Bruxelles-Capitale","Watermael-Boitsfort","Tous les âges","De 18 à 64 ans","22 ans",304
"Belgique","Région de Bruxelles-Capitale",,"Arrondissement de Bruxelles-Capitale","Watermael-Boitsfort","Tous les âges","De 18 à 64 ans","23 ans",328
"Belgique","Région de Bruxelles-Capitale",,"Arrondissement de Bruxelles-Capitale","Watermael-Boitsfort","Tous les âges","De 18 à 64 ans","24 ans",283
"Belgique","Région de Bruxelles-Capitale",,"Arrondissement de Bruxelles-Capitale","Watermael-Boitsfort","Tous les âges","De 18 à 64 ans","25 ans",323
"Belgique","Région de Bruxelles-Capitale",,"Arrondissement de Bruxelles-Capitale","Watermael-Boitsfort","Tous les âges","De 18 à 64 ans",,14908
"Belgique","Région de Bruxelles-Capitale",,"Arrondissement de Bruxelles-Capitale","Woluwe-Saint-Lambert","Tous les âges","De 18 à 64 ans","18 ans",630
"Belgique","Région de Bruxelles-Capitale",,"Arrondissement de Bruxelles-Capitale","Woluwe-Saint-Lambert","Tous les âges","De 18 à 64 ans","19 ans",640
"Belgique","Région de Bruxelles-Capitale",,"Arrondissement de Bruxelles-Capitale","Woluwe-Saint-Lambert","Tous les âges","De 18 à 64 ans","20 ans",637
"Belgique","Région de Bruxelles-Capitale",,"Arrondissement de Bruxelles-Capitale","Woluwe-Saint-Lambert","Tous les âges","De 18 à 64 ans","21 ans",716
"Belgique","Région de Bruxelles-Capitale",,"Arrondissement de Bruxelles-Capitale","Woluwe-Saint-Lambert","Tous les âges","De 18 à 64 ans","22 ans",708
"Belgique","Région de Bruxelles-Capitale",,"Arrondissement de Bruxelles-Capitale","Woluwe-Saint-Lambert","Tous les âges","De 18 à 64 ans","23 ans",730
"Belgique","Région de Bruxelles-Capitale",,"Arrondissement de Bruxelles-Capitale","Woluwe-Saint-Lambert","Tous les âges","De 18 à 64 ans","24 ans",765
"Belgique","Région de Bruxelles-Capitale",,"Arrondissement de Bruxelles-Capitale","Woluwe-Saint-Lambert","Tous les âges","De 18 à 64 ans","25 ans",910
"Belgique","Région de Bruxelles-Capitale",,"Arrondissement de Bruxelles-Capitale","Woluwe-Saint-Lambert","Tous les âges","De 18 à 64 ans",,37058
"Belgique","Région de Bruxelles-Capitale",,"Arrondissement de Bruxelles-Capitale","Woluwe-Saint-Pierre","Tous les âges","De 18 à 64 ans","18 ans",447
"Belgique","Région de Bruxelles-Capitale",,"Arrondissement de Bruxelles-Capitale","Woluwe-Saint-Pierre","Tous les âges","De 18 à 64 ans","19 ans",529
"Belgique","Région de Bruxelles-Capitale",,"Arrondissement de Bruxelles-Capitale","Woluwe-Saint-Pierre","Tous les âges","De 18 à 64 ans","20 ans",464
"Belgique","Région de Bruxelles-Capitale",,"Arrondissement de Bruxelles-Capitale","Woluwe-Saint-Pierre","Tous les âges","De 18 à 64 ans","21 ans",471
"Belgique","Région de Bruxelles-Capitale",,"Arrondissement de Bruxelles-Capitale","Woluwe-Saint-Pierre","Tous les âges","De 18 à 64 ans","22 ans",473
"Belgique","Région de Bruxelles-Capitale",,"Arrondissement de Bruxelles-Capitale","Woluwe-Saint-Pierre","Tous les âges","De 18 à 64 ans","23 ans",469
"Belgique","Région de Bruxelles-Capitale",,"Arrondissement de Bruxelles-Capitale","Woluwe-Saint-Pierre","Tous les âges","De 18 à 64 ans","24 ans",484
"Belgique","Région de Bruxelles-Capitale",,"Arrondissement de Bruxelles-Capitale","Woluwe-Saint-Pierre","Tous les âges","De 18 à 64 ans","25 ans",548
"Belgique","Région de Bruxelles-Capitale",,"Arrondissement de Bruxelles-Capitale","Woluwe-Saint-Pierre","Tous les âges","De 18 à 64 ans",,25241
"Belgique","Région wallonne","Province du Brabant wallon","Arrondissement de Nivelles",,"Tous les âges","De 18 à 64 ans","18 ans",5007
"Belgique","Région wallonne","Province du Brabant wallon","Arrondissement de Nivelles",,"Tous les âges","De 18 à 64 ans","19 ans",4988
"Belgique","Région wallonne","Province du Brabant wallon","Arrondissement de Nivelles",,"Tous les âges","De 18 à 64 ans","20 ans",5189
"Belgique","Région wallonne","Province du Brabant wallon","Arrondissement de Nivelles",,"Tous les âges","De 18 à 64 ans","21 ans",5171
"Belgique","Région wallonne","Province du Brabant wallon","Arrondissement de Nivelles",,"Tous les âges","De 18 à 64 ans","22 ans",5153
"Belgique","Région wallonne","Province du Brabant wallon","Arrondissement de Nivelles",,"Tous les âges","De 18 à 64 ans","23 ans",4989
"Belgique","Région wallonne","Province du Brabant wallon","Arrondissement de Nivelles",,"Tous les âges","De 18 à 64 ans","24 ans",4938
"Belgique","Région wallonne","Province du Brabant wallon","Arrondissement de Nivelles",,"Tous les âges","De 18 à 64 ans","25 ans",4820
"Belgique","Région wallonne","Province du Brabant wallon","Arrondissement de Nivelles",,"Tous les âges","De 18 à 64 ans",,244768
"Belgique","Région wallonne","Province du Hainaut","Arrondissement d’Ath",,"Tous les âges","De 18 à 64 ans","18 ans",1587
"Belgique","Région wallonne","Province du Hainaut","Arrondissement d’Ath",,"Tous les âges","De 18 à 64 ans","19 ans",1559
"Belgique","Région wallonne","Province du Hainaut","Arrondissement d’Ath",,"Tous les âges","De 18 à 64 ans","20 ans",1643
"Belgique","Région wallonne","Province du Hainaut","Arrondissement d’Ath",,"Tous les âges","De 18 à 64 ans","21 ans",1499
"Belgique","Région wallonne","Province du Hainaut","Arrondissement d’Ath",,"Tous les âges","De 18 à 64 ans","22 ans",1556
"Belgique","Région wallonne","Province du Hainaut","Arrondissement d’Ath",,"Tous les âges","De 18 à 64 ans","23 ans",1513
"Belgique","Région wallonne","Province du Hainaut","Arrondissement d’Ath",,"Tous les âges","De 18 à 64 ans","24 ans",1503
"Belgique","Région wallonne","Province du Hainaut","Arrondissement d’Ath",,"Tous les âges","De 18 à 64 ans","25 ans",1408
"Belgique","Région wallonne","Province du Hainaut","Arrondissement d’Ath",,"Tous les âges","De 18 à 64 ans",,78866
"Belgique","Région wallonne","Province du Hainaut","Arrondissement de Charleroi",,"Tous les âges","De 18 à 64 ans","18 ans",4580
"Belgique","Région wallonne","Province du Hainaut","Arrondissement de Charleroi",,"Tous les âges","De 18 à 64 ans","19 ans",4759
"Belgique","Région wallonne","Province du Hainaut","Arrondissement de Charleroi",,"Tous les âges","De 18 à 64 ans","20 ans",4850
"Belgique","Région wallonne","Province du Hainaut","Arrondissement de Charleroi",,"Tous les âges","De 18 à 64 ans","21 ans",5009
"Belgique","Région wallonne","Province du Hainaut","Arrondissement de Charleroi",,"Tous les âges","De 18 à 64 ans","22 ans",4798
"Belgique","Région wallonne","Province du Hainaut","Arrondissement de Charleroi",,"Tous les âges","De 18 à 64 ans","23 ans",4784
"Belgique","Région wallonne","Province du Hainaut","Arrondissement de Charleroi",,"Tous les âges","De 18 à 64 ans","24 ans",4884
"Belgique","Région wallonne","Province du Hainaut","Arrondissement de Charleroi",,"Tous les âges","De 18 à 64 ans","25 ans",4741
"Belgique","Région wallonne","Province du Hainaut","Arrondissement de Charleroi",,"Tous les âges","De 18 à 64 ans",,237572
"Belgique","Région wallonne","Province du Hainaut","Arrondissement de Mons",,"Tous les âges","De 18 à 64 ans","18 ans",2973
"Belgique","Région wallonne","Province du Hainaut","Arrondissement de Mons",,"Tous les âges","De 18 à 64 ans","19 ans",3122
"Belgique","Région wallonne","Province du Hainaut","Arrondissement de Mons",,"Tous les âges","De 18 à 64 ans","20 ans",3164
"Belgique","Région wallonne","Province du Hainaut","Arrondissement de Mons",,"Tous les âges","De 18 à 64 ans","21 ans",3239
"Belgique","Région wallonne","Province du Hainaut","Arrondissement de Mons",,"Tous les âges","De 18 à 64 ans","22 ans",3158
"Belgique","Région wallonne","Province du Hainaut","Arrondissement de Mons",,"Tous les âges","De 18 à 64 ans","23 ans",3152
"Belgique","Région wallonne","Province du Hainaut","Arrondissement de Mons",,"Tous les âges","De 18 à 64 ans","24 ans",3139
"Belgique","Région wallonne","Province du Hainaut","Arrondissement de Mons",,"Tous les âges","De 18 à 64 ans","25 ans",3155
"Belgique","Région wallonne","Province du Hainaut","Arrondissement de Mons",,"Tous les âges","De 18 à 64 ans",,158399
"Belgique","Région wallonne","Province du Hainaut","Arrondissement de Soignies",,"Tous les âges","De 18 à 64 ans","18 ans",1321
"Belgique","Région wallonne","Province du Hainaut","Arrondissement de Soignies",,"Tous les âges","De 18 à 64 ans","19 ans",1299
"Belgique","Région wallonne","Province du Hainaut","Arrondissement de Soignies",,"Tous les âges","De 18 à 64 ans","20 ans",1374
"Belgique","Région wallonne","Province du Hainaut","Arrondissement de Soignies",,"Tous les âges","De 18 à 64 ans","21 ans",1251
"Belgique","Région wallonne","Province du Hainaut","Arrondissement de Soignies",,"Tous les âges","De 18 à 64 ans","22 ans",1268
"Belgique","Région wallonne","Province du Hainaut","Arrondissement de Soignies",,"Tous les âges","De 18 à 64 ans","23 ans",1203
"Belgique","Région wallonne","Province du Hainaut","Arrondissement de Soignies",,"Tous les âges","De 18 à 64 ans","24 ans",1166
"Belgique","Région wallonne","Province du Hainaut","Arrondissement de Soignies",,"Tous les âges","De 18 à 64 ans","25 ans",1266
"Belgique","Région wallonne","Province du Hainaut","Arrondissement de Soignies",,"Tous les âges","De 18 à 64 ans",,64689
"Belgique","Région wallonne","Province du Hainaut","Arrondissement de Thuin",,"Tous les âges","De 18 à 64 ans","18 ans",1136
"Belgique","Région wallonne","Province du Hainaut","Arrondissement de Thuin",,"Tous les âges","De 18 à 64 ans","19 ans",1033
"Belgique","Région wallonne","Province du Hainaut","Arrondissement de Thuin",,"Tous les âges","De 18 à 64 ans","20 ans",1114
"Belgique","Région wallonne","Province du Hainaut","Arrondissement de Thuin",,"Tous les âges","De 18 à 64 ans","21 ans",1154
"Belgique","Région wallonne","Province du Hainaut","Arrondissement de Thuin",,"Tous les âges","De 18 à 64 ans","22 ans",1153
"Belgique","Région wallonne","Province du Hainaut","Arrondissement de Thuin",,"Tous les âges","De 18 à 64 ans","23 ans",990
"Belgique","Région wallonne","Province du Hainaut","Arrondissement de Thuin",,"Tous les âges","De 18 à 64 ans","24 ans",1028
"Belgique","Région wallonne","Province du Hainaut","Arrondissement de Thuin",,"Tous les âges","De 18 à 64 ans","25 ans",1011
"Belgique","Région wallonne","Province du Hainaut","Arrondissement de Thuin",,"Tous les âges","De 18 à 64 ans",,55077
"Belgique","Région wallonne","Province du Hainaut","Arrondissement de Tournai-Mouscron",,"Tous les âges","De 18 à 64 ans","18 ans",2759
"Belgique","Région wallonne","Province du Hainaut","Arrondissement de Tournai-Mouscron",,"Tous les âges","De 18 à 64 ans","19 ans",2704
"Belgique","Région wallonne","Province du Hainaut","Arrondissement de Tournai-Mouscron",,"Tous les âges","De 18 à 64 ans","20 ans",2817
"Belgique","Région wallonne","Province du Hainaut","Arrondissement de Tournai-Mouscron",,"Tous les âges","De 18 à 64 ans","21 ans",2794
"Belgique","Région wallonne","Province du Hainaut","Arrondissement de Tournai-Mouscron",,"Tous les âges","De 18 à 64 ans","22 ans",2711
"Belgique","Région wallonne","Province du Hainaut","Arrondissement de Tournai-Mouscron",,"Tous les âges","De 18 à 64 ans","23 ans",2678
"Belgique","Région wallonne","Province du Hainaut","Arrondissement de Tournai-Mouscron",,"Tous les âges","De 18 à 64 ans","24 ans",2593
"Belgique","Région wallonne","Province du Hainaut","Arrondissement de Tournai-Mouscron",,"Tous les âges","De 18 à 64 ans","25 ans",2630
"Belgique","Région wallonne","Province du Hainaut","Arrondissement de Tournai-Mouscron",,"Tous les âges","De 18 à 64 ans",,134425
"Belgique","Région wallonne","Province du Hainaut","Arrondissement de La Louvière",,"Tous les âges","De 18 à 64 ans","18 ans",1704
"Belgique","Région wallonne","Province du Hainaut","Arrondissement de La Louvière",,"Tous les âges","De 18 à 64 ans","19 ans",1638
"Belgique","Région wallonne","Province du Hainaut","Arrondissement de La Louvière",,"Tous les âges","De 18 à 64 ans","20 ans",1679
"Belgique","Région wallonne","Province du Hainaut","Arrondissement de La Louvière",,"Tous les âges","De 18 à 64 ans","21 ans",1743
"Belgique","Région wallonne","Province du Hainaut","Arrondissement de La Louvière",,"Tous les âges","De 18 à 64 ans","22 ans",1624
"Belgique","Région wallonne","Province du Hainaut","Arrondissement de La Louvière",,"Tous les âges","De 18 à 64 ans","23 ans",1731
"Belgique","Région wallonne","Province du Hainaut","Arrondissement de La Louvière",,"Tous les âges","De 18 à 64 ans","24 ans",1639
"Belgique","Région wallonne","Province du Hainaut","Arrondissement de La Louvière",,"Tous les âges","De 18 à 64 ans","25 ans",1665
"Belgique","Région wallonne","Province du Hainaut","Arrondissement de La Louvière",,"Tous les âges","De 18 à 64 ans",,85463
"Belgique","Région wallonne","Province de Liège","Arrondissement de Huy",,"Tous les âges","De 18 à 64 ans","18 ans",1380
"Belgique","Région wallonne","Province de Liège","Arrondissement de Huy",,"Tous les âges","De 18 à 64 ans","19 ans",1381
"Belgique","Région wallonne","Province de Liège","Arrondissement de Huy",,"Tous les âges","De 18 à 64 ans","20 ans",1469
"Belgique","Région wallonne","Province de Liège","Arrondissement de Huy",,"Tous les âges","De 18 à 64 ans","21 ans",1408
"Belgique","Région wallonne","Province de Liège","Arrondissement de Huy",,"Tous les âges","De 18 à 64 ans","22 ans",1328
"Belgique","Région wallonne","Province de Liège","Arrondissement de Huy",,"Tous les âges","De 18 à 64 ans","23 ans",1366
"Belgique","Région wallonne","Province de Liège","Arrondissement de Huy",,"Tous les âges","De 18 à 64 ans","24 ans",1309
"Belgique","Région wallonne","Province de Liège","Arrondissement de Huy",,"Tous les âges","De 18 à 64 ans","25 ans",1268
"Belgique","Région wallonne","Province de Liège","Arrondissement de Huy",,"Tous les âges","De 18 à 64 ans",,70277
"Belgique","Région wallonne","Province de Liège","Arrondissement de Liège",,"Tous les âges","De 18 à 64 ans","18 ans",6996
"Belgique","Région wallonne","Province de Liège","Arrondissement de Liège",,"Tous les âges","De 18 à 64 ans","19 ans",7199
"Belgique","Région wallonne","Province de Liège","Arrondissement de Liège",,"Tous les âges","De 18 à 64 ans","20 ans",7315
"Belgique","Région wallonne","Province de Liège","Arrondissement de Liège",,"Tous les âges","De 18 à 64 ans","21 ans",7523
"Belgique","Région wallonne","Province de Liège","Arrondissement de Liège",,"Tous les âges","De 18 à 64 ans","22 ans",7544
"Belgique","Région wallonne","Province de Liège","Arrondissement de Liège",,"Tous les âges","De 18 à 64 ans","23 ans",7536
"Belgique","Région wallonne","Province de Liège","Arrondissement de Liège",,"Tous les âges","De 18 à 64 ans","24 ans",7801
"Belgique","Région wallonne","Province de Liège","Arrondissement de Liège",,"Tous les âges","De 18 à 64 ans","25 ans",8061
"Belgique","Région wallonne","Province de Liège","Arrondissement de Liège",,"Tous les âges","De 18 à 64 ans",,376621
"Belgique","Région wallonne","Province de Liège","Arrondissement de Verviers",,"Tous les âges","De 18 à 64 ans","18 ans",3434
"Belgique","Région wallonne","Province de Liège","Arrondissement de Verviers",,"Tous les âges","De 18 à 64 ans","19 ans",3364
"Belgique","Région wallonne","Province de Liège","Arrondissement de Verviers",,"Tous les âges","De 18 à 64 ans","20 ans",3563
"Belgique","Région wallonne","Province de Liège","Arrondissement de Verviers",,"Tous les âges","De 18 à 64 ans","21 ans",3549
"Belgique","Région wallonne","Province de Liège","Arrondissement de Verviers",,"Tous les âges","De 18 à 64 ans","22 ans",3433
"Belgique","Région wallonne","Province de Liège","Arrondissement de Verviers",,"Tous les âges","De 18 à 64 ans","23 ans",3471
"Belgique","Région wallonne","Province de Liège","Arrondissement de Verviers",,"Tous les âges","De 18 à 64 ans","24 ans",3474
"Belgique","Région wallonne","Province de Liège","Arrondissement de Verviers",,"Tous les âges","De 18 à 64 ans","25 ans",3338
"Belgique","Région wallonne","Province de Liège","Arrondissement de Verviers",,"Tous les âges","De 18 à 64 ans",,172796
"Belgique","Région wallonne","Province de Liège","Arrondissement de Waremme",,"Tous les âges","De 18 à 64 ans","18 ans",993
"Belgique","Région wallonne","Province de Liège","Arrondissement de Waremme",,"Tous les âges","De 18 à 64 ans","19 ans",959
"Belgique","Région wallonne","Province de Liège","Arrondissement de Waremme",,"Tous les âges","De 18 à 64 ans","20 ans",1010
"Belgique","Région wallonne","Province de Liège","Arrondissement de Waremme",,"Tous les âges","De 18 à 64 ans","21 ans",1039
"Belgique","Région wallonne","Province de Liège","Arrondissement de Waremme",,"Tous les âges","De 18 à 64 ans","22 ans",925
"Belgique","Région wallonne","Province de Liège","Arrondissement de Waremme",,"Tous les âges","De 18 à 64 ans","23 ans",940
"Belgique","Région wallonne","Province de Liège","Arrondissement de Waremme",,"Tous les âges","De 18 à 64 ans","24 ans",887
"Belgique","Région wallonne","Province de Liège","Arrondissement de Waremme",,"Tous les âges","De 18 à 64 ans","25 ans",871
"Belgique","Région wallonne","Province de Liège","Arrondissement de Waremme",,"Tous les âges","De 18 à 64 ans",,50581
"Belgique","Région wallonne","Province du Luxembourg","Arrondissement d’Arlon",,"Tous les âges","De 18 à 64 ans","18 ans",781
"Belgique","Région wallonne","Province du Luxembourg","Arrondissement d’Arlon",,"Tous les âges","De 18 à 64 ans","19 ans",772
"Belgique","Région wallonne","Province du Luxembourg","Arrondissement d’Arlon",,"Tous les âges","De 18 à 64 ans","20 ans",791
"Belgique","Région wallonne","Province du Luxembourg","Arrondissement d’Arlon",,"Tous les âges","De 18 à 64 ans","21 ans",855
"Belgique","Région wallonne","Province du Luxembourg","Arrondissement d’Arlon",,"Tous les âges","De 18 à 64 ans","22 ans",764
"Belgique","Région wallonne","Province du Luxembourg","Arrondissement d’Arlon",,"Tous les âges","De 18 à 64 ans","23 ans",773
"Belgique","Région wallonne","Province du Luxembourg","Arrondissement d’Arlon",,"Tous les âges","De 18 à 64 ans","24 ans",822
"Belgique","Région wallonne","Province du Luxembourg","Arrondissement d’Arlon",,"Tous les âges","De 18 à 64 ans","25 ans",865
"Belgique","Région wallonne","Province du Luxembourg","Arrondissement d’Arlon",,"Tous les âges","De 18 à 64 ans",,40520
"Belgique","Région wallonne","Province du Luxembourg","Arrondissement de Bastogne",,"Tous les âges","De 18 à 64 ans","18 ans",600
"Belgique","Région wallonne","Province du Luxembourg","Arrondissement de Bastogne",,"Tous les âges","De 18 à 64 ans","19 ans",640
"Belgique","Région wallonne","Province du Luxembourg","Arrondissement de Bastogne",,"Tous les âges","De 18 à 64 ans","20 ans",603
"Belgique","Région wallonne","Province du Luxembourg","Arrondissement de Bastogne",,"Tous les âges","De 18 à 64 ans","21 ans",666
"Belgique","Région wallonne","Province du Luxembourg","Arrondissement de Bastogne",,"Tous les âges","De 18 à 64 ans","22 ans",663
"Belgique","Région wallonne","Province du Luxembourg","Arrondissement de Bastogne",,"Tous les âges","De 18 à 64 ans","23 ans",644
"Belgique","Région wallonne","Province du Luxembourg","Arrondissement de Bastogne",,"Tous les âges","De 18 à 64 ans","24 ans",667
"Belgique","Région wallonne","Province du Luxembourg","Arrondissement de Bastogne",,"Tous les âges","De 18 à 64 ans","25 ans",689
"Belgique","Région wallonne","Province du Luxembourg","Arrondissement de Bastogne",,"Tous les âges","De 18 à 64 ans",,30671
"Belgique","Région wallonne","Province du Luxembourg","Arrondissement de Marche-en-Famenne",,"Tous les âges","De 18 à 64 ans","18 ans",731
"Belgique","Région wallonne","Province du Luxembourg","Arrondissement de Marche-en-Famenne",,"Tous les âges","De 18 à 64 ans","19 ans",670
"Belgique","Région wallonne","Province du Luxembourg","Arrondissement de Marche-en-Famenne",,"Tous les âges","De 18 à 64 ans","20 ans",682
"Belgique","Région wallonne","Province du Luxembourg","Arrondissement de Marche-en-Famenne",,"Tous les âges","De 18 à 64 ans","21 ans",756
"Belgique","Région wallonne","Province du Luxembourg","Arrondissement de Marche-en-Famenne",,"Tous les âges","De 18 à 64 ans","22 ans",702
"Belgique","Région wallonne","Province du Luxembourg","Arrondissement de Marche-en-Famenne",,"Tous les âges","De 18 à 64 ans","23 ans",709
"Belgique","Région wallonne","Province du Luxembourg","Arrondissement de Marche-en-Famenne",,"Tous les âges","De 18 à 64 ans","24 ans",709
"Belgique","Région wallonne","Province du Luxembourg","Arrondissement de Marche-en-Famenne",,"Tous les âges","De 18 à 64 ans","25 ans",687
"Belgique","Région wallonne","Province du Luxembourg","Arrondissement de Marche-en-Famenne",,"Tous les âges","De 18 à 64 ans",,34854
"Belgique","Région wallonne","Province du Luxembourg","Arrondissement de Neufchâteau",,"Tous les âges","De 18 à 64 ans","18 ans",747
"Belgique","Région wallonne","Province du Luxembourg","Arrondissement de Neufchâteau",,"Tous les âges","De 18 à 64 ans","19 ans",798
"Belgique","Région wallonne","Province du Luxembourg","Arrondissement de Neufchâteau",,"Tous les âges","De 18 à 64 ans","20 ans",799
"Belgique","Région wallonne","Province du Luxembourg","Arrondissement de Neufchâteau",,"Tous les âges","De 18 à 64 ans","21 ans",802
"Belgique","Région wallonne","Province du Luxembourg","Arrondissement de Neufchâteau",,"Tous les âges","De 18 à 64 ans","22 ans",764
"Belgique","Région wallonne","Province du Luxembourg","Arrondissement de Neufchâteau",,"Tous les âges","De 18 à 64 ans","23 ans",784
"Belgique","Région wallonne","Province du Luxembourg","Arrondissement de Neufchâteau",,"Tous les âges","De 18 à 64 ans","24 ans",801
"Belgique","Région wallonne","Province du Luxembourg","Arrondissement de Neufchâteau",,"Tous les âges","De 18 à 64 ans","25 ans",738
"Belgique","Région wallonne","Province du Luxembourg","Arrondissement de Neufchâteau",,"Tous les âges","De 18 à 64 ans",,38673
"Belgique","Région wallonne","Province du Luxembourg","Arrondissement de Virton",,"Tous les âges","De 18 à 64 ans","18 ans",723
"Belgique","Région wallonne","Province du Luxembourg","Arrondissement de Virton",,"Tous les âges","De 18 à 64 ans","19 ans",734
"Belgique","Région wallonne","Province du Luxembourg","Arrondissement de Virton",,"Tous les âges","De 18 à 64 ans","20 ans",730
"Belgique","Région wallonne","Province du Luxembourg","Arrondissement de Virton",,"Tous les âges","De 18 à 64 ans","21 ans",723
"Belgique","Région wallonne","Province du Luxembourg","Arrondissement de Virton",,"Tous les âges","De 18 à 64 ans","22 ans",661
"Belgique","Région wallonne","Province du Luxembourg","Arrondissement de Virton",,"Tous les âges","De 18 à 64 ans","23 ans",694
"Belgique","Région wallonne","Province du Luxembourg","Arrondissement de Virton",,"Tous les âges","De 18 à 64 ans","24 ans",655
"Belgique","Région wallonne","Province du Luxembourg","Arrondissement de Virton",,"Tous les âges","De 18 à 64 ans","25 ans",669
"Belgique","Région wallonne","Province du Luxembourg","Arrondissement de Virton",,"Tous les âges","De 18 à 64 ans",,33256
"Belgique","Région wallonne","Province de Namur","Arrondissement de Dinant",,"Tous les âges","De 18 à 64 ans","18 ans",1312
"Belgique","Région wallonne","Province de Namur","Arrondissement de Dinant",,"Tous les âges","De 18 à 64 ans","19 ans",1297
"Belgique","Région wallonne","Province de Namur","Arrondissement de Dinant",,"Tous les âges","De 18 à 64 ans","20 ans",1318
"Belgique","Région wallonne","Province de Namur","Arrondissement de Dinant",,"Tous les âges","De 18 à 64 ans","21 ans",1408
"Belgique","Région wallonne","Province de Namur","Arrondissement de Dinant",,"Tous les âges","De 18 à 64 ans","22 ans",1349
"Belgique","Région wallonne","Province de Namur","Arrondissement de Dinant",,"Tous les âges","De 18 à 64 ans","23 ans",1401
"Belgique","Région wallonne","Province de Namur","Arrondissement de Dinant",,"Tous les âges","De 18 à 64 ans","24 ans",1231
"Belgique","Région wallonne","Province de Namur","Arrondissement de Dinant",,"Tous les âges","De 18 à 64 ans","25 ans",1252
"Belgique","Région wallonne","Province de Namur","Arrondissement de Dinant",,"Tous les âges","De 18 à 64 ans",,67510
"Belgique","Région wallonne","Province de Namur","Arrondissement de Namur",,"Tous les âges","De 18 à 64 ans","18 ans",3869
"Belgique","Région wallonne","Province de Namur","Arrondissement de Namur",,"Tous les âges","De 18 à 64 ans","19 ans",3801
"Belgique","Région wallonne","Province de Namur","Arrondissement de Namur",,"Tous les âges","De 18 à 64 ans","20 ans",3949
"Belgique","Région wallonne","Province de Namur","Arrondissement de Namur",,"Tous les âges","De 18 à 64 ans","21 ans",4068
"Belgique","Région wallonne","Province de Namur","Arrondissement de Namur",,"Tous les âges","De 18 à 64 ans","22 ans",4050
"Belgique","Région wallonne","Province de Namur","Arrondissement de Namur",,"Tous les âges","De 18 à 64 ans","23 ans",4028
"Belgique","Région wallonne","Province de Namur","Arrondissement de Namur",,"Tous les âges","De 18 à 64 ans","24 ans",4098
"Belgique","Région wallonne","Province de Namur","Arrondissement de Namur",,"Tous les âges","De 18 à 64 ans","25 ans",4022
"Belgique","Région wallonne","Province de Namur","Arrondissement de Namur",,"Tous les âges","De 18 à 64 ans",,195335
"Belgique","Région wallonne","Province de Namur","Arrondissement de Philippeville",,"Tous les âges","De 18 à 64 ans","18 ans",795
"Belgique","Région wallonne","Province de Namur","Arrondissement de Philippeville",,"Tous les âges","De 18 à 64 ans","19 ans",744
"Belgique","Région wallonne","Province de Namur","Arrondissement de Philippeville",,"Tous les âges","De 18 à 64 ans","20 ans",809
"Belgique","Région wallonne","Province de Namur","Arrondissement de Philippeville",,"Tous les âges","De 18 à 64 ans","21 ans",831
"Belgique","Région wallonne","Province de Namur","Arrondissement de Philippeville",,"Tous les âges","De 18 à 64 ans","22 ans",718
"Belgique","Région wallonne","Province de Namur","Arrondissement de Philippeville",,"Tous les âges","De 18 à 64 ans","23 ans",763
"Belgique","Région wallonne","Province de Namur","Arrondissement de Philippeville",,"Tous les âges","De 18 à 64 ans","24 ans",701
"Belgique","Région wallonne","Province de Namur","Arrondissement de Philippeville",,"Tous les âges","De 18 à 64 ans","25 ans",711
"Belgique","Région wallonne","Province de Namur","Arrondissement de Philippeville",,"Tous les âges","De 18 à 64 ans",,40113
"Belgique",,,,,"Tous les âges",,,11584008
